Branch ID,Branch Name,Number of Holds,Title,Author,As of Date,Web URL
EPLMCN,,4,Brooklyn : a novel / Colm Toibin,TOIBIN COLM,03/14/2016 12:00:00 AM,http://epl.bibliocommons.com/search?t=smart&q=brooklyn%20%3A%20a
EPLMCN,,1,Apple / Nikki McClure,MCCLURE NIKKI,02/15/2016 12:00:00 AM,http://epl.bibliocommons.com/search?t=smart&q=apple%20/%20nikki
EPLMCN,,1,"Simple crocheting : a complete how-to-crochet workshop with 20 projects / Erika Knight ; [photographer, Yuki Sugiura]. --",KNIGHT ERIKA,02/15/2016 12:00:00 AM,http://epl.bibliocommons.com/search?t=smart&q=simple%20crocheting%20%3A
EPLMCN,,1,An apple's life / Nancy Dickmann,DICKMANN NANCY,02/15/2016 12:00:00 AM,http://epl.bibliocommons.com/search?t=smart&q=an%20apple%27s%20life
EPLMCN,,1,The giant encyclopedia of preschool activities for three-year-olds / edited by Kathy Charner and Maureen Murphy,CHARNER KATHY,02/15/2016 12:00:00 AM,http://epl.bibliocommons.com/search?t=smart&q=the%20giant%20encyclopedia
EPLMCN,,1,Pirates / Philip Steele,STEELE PHILIP,02/15/2016 12:00:00 AM,http://epl.bibliocommons.com/search?t=smart&q=pirates%20/%20philip
EPLMCN,,1,Preschool day hooray! / by Linda Leopold Strauss ; illustrated by Hiroe Nakata. --,STRAUSS LINDA LEOPOLD,02/15/2016 12:00:00 AM,http://epl.bibliocommons.com/search?t=smart&q=preschool%20day%20hooray%21
EPLMCN,,1,Curious George. Apple harvest / adaptation by Lynne Polvino,POLVINO LYNNE,02/15/2016 12:00:00 AM,http://epl.bibliocommons.com/search?t=smart&q=curious%20george.%20apple
EPLMCN,,1,"Thomas' snowsuit / story, Robert Munsch ; art, Michael Martchenko",MUNSCH ROBERT N,02/15/2016 12:00:00 AM,http://epl.bibliocommons.com/search?t=smart&q=thomas%27%20snowsuit%20/
EPLMCN,,1,Counting on fall / written by Lizann Flatt ; illustrated by Ashley Barron,FLATT LIZANN,02/15/2016 12:00:00 AM,http://epl.bibliocommons.com/search?t=smart&q=counting%20on%20fall
EPLMCN,,1,Styxx / Sherrilyn Kenyon. --,KENYON SHERRILYN,02/15/2016 12:00:00 AM,http://epl.bibliocommons.com/search?t=smart&q=styxx%20/%20sherrilyn
EPLMCN,,2,What was mine : a novel / Helen Klein Ross,ROSS HELEN KLEIN,02/22/2016 12:00:00 AM,http://epl.bibliocommons.com/search?t=smart&q=what%20was%20mine
EPLMCN,,4,Blue : a novel / Danielle Steel,STEEL DANIELLE,02/22/2016 12:00:00 AM,http://epl.bibliocommons.com/search?t=smart&q=blue%20%3A%20a
EPLMCN,,2,Spark joy : an illustrated master class on the art of organizing and tidying up / Marie Kondo ; translated from the Japanese by Cathy Hirano,KOND MARIE,02/22/2016 12:00:00 AM,http://epl.bibliocommons.com/search?t=smart&q=spark%20joy%20%3A
EPLMCN,,1,Knitting for the absolute beginner / Alison Dupernex. --,DUPERNEX ALISON,02/22/2016 12:00:00 AM,http://epl.bibliocommons.com/search?t=smart&q=knitting%20for%20the
EPLMCN,,1,Advertising : concept and copy / George Felton. --,FELTON GEORGE,02/22/2016 12:00:00 AM,http://epl.bibliocommons.com/search?t=smart&q=advertising%20%3A%20concept
EPLMCN,,1,Vanished [large print] / Irene Hannon,HANNON IRENE,02/22/2016 12:00:00 AM,http://epl.bibliocommons.com/search?t=smart&q=vanished%20%5Blarge%20print%5D
EPLMCN,,1,Mystery of the midnight rider / Carolyn Keene. --,KEENE CAROLYN,02/22/2016 12:00:00 AM,http://epl.bibliocommons.com/search?t=smart&q=mystery%20of%20the
EPLMCN,,2,Good and cheap : eat well on $4/day / Leanne Brown,BROWN LEANNE,02/22/2016 12:00:00 AM,http://epl.bibliocommons.com/search?t=smart&q=good%20and%20cheap
EPLMCN,,2,Big magic : creative living beyond fear / Elizabeth Gilbert,GILBERT ELIZABETH,02/22/2016 12:00:00 AM,http://epl.bibliocommons.com/search?t=smart&q=big%20magic%20%3A
EPLMCN,,2,Girl's Guide to Moving On  / by Debbie  Macomber,MACOMBER DEBBIE,02/22/2016 12:00:00 AM,http://epl.bibliocommons.com/search?t=smart&q=girl%27s%20guide%20to
EPLMCN,,4,Blue : a novel / Danielle Steel,STEEL DANIELLE,02/29/2016 12:00:00 AM,http://epl.bibliocommons.com/search?t=smart&q=blue%20%3A%20a
EPLMCN,,2,"The wonder weeks : how to stimulate your baby's mental development and help him turn his 10 predictable, great, fussy, phases into magical leaps forward / Hetty van de Rijt and Frans Plooij ; [translation by Stephen Sonderegger and Gayle Kidder]. --",VANDERIJT HETTY,02/29/2016 12:00:00 AM,http://epl.bibliocommons.com/search?t=smart&q=the%20wonder%20weeks
EPLMCN,,2,See me / Nicholas Sparks,SPARKS NICHOLAS,02/29/2016 12:00:00 AM,http://epl.bibliocommons.com/search?t=smart&q=see%20me%20/
EPLMCN,,2,What was mine : a novel / Helen Klein Ross,ROSS HELEN KLEIN,02/29/2016 12:00:00 AM,http://epl.bibliocommons.com/search?t=smart&q=what%20was%20mine
EPLMCN,,3,The piano maker / Kurt Palka,PALKA KURT,02/29/2016 12:00:00 AM,http://epl.bibliocommons.com/search?t=smart&q=the%20piano%20maker
EPLMCN,,2,Good and cheap : eat well on $4/day / Leanne Brown,BROWN LEANNE,02/29/2016 12:00:00 AM,http://epl.bibliocommons.com/search?t=smart&q=good%20and%20cheap
EPLMCN,,2,The life-changing magic of tidying up : the Japanese art of decluttering and organizing / Marie Kond? ; translated from the Japanese by Cathy Hirano,KOND MARIE,02/29/2016 12:00:00 AM,http://epl.bibliocommons.com/search?t=smart&q=the%20life-changing%20magic
EPLMCN,,2,The illegal : a novel / Lawrence Hill,HILL LAWRENCE,02/29/2016 12:00:00 AM,http://epl.bibliocommons.com/search?t=smart&q=the%20illegal%20%3A
EPLMCN,,2,Girl's Guide to Moving On  / by Debbie  Macomber,MACOMBER DEBBIE,02/29/2016 12:00:00 AM,http://epl.bibliocommons.com/search?t=smart&q=girl%27s%20guide%20to
EPLMCN,,2,My name is Lucy Barton : a novel / Elizabeth Strout,STROUT ELIZABETH,02/29/2016 12:00:00 AM,http://epl.bibliocommons.com/search?t=smart&q=my%20name%20is
EPLMCN,,2,The life-changing magic of tidying up : the Japanese art of decluttering and organizing / Marie Kond? ; translated from the Japanese by Cathy Hirano,KOND MARIE,03/07/2016 12:00:00 AM,http://epl.bibliocommons.com/search?t=smart&q=the%20life-changing%20magic
EPLMCN,,4,To kill a mockingbird / Harper Lee,LEE HARPER,03/07/2016 12:00:00 AM,http://epl.bibliocommons.com/search?t=smart&q=to%20kill%20a
EPLMCN,,2,The illegal : a novel / Lawrence Hill,HILL LAWRENCE,03/07/2016 12:00:00 AM,http://epl.bibliocommons.com/search?t=smart&q=the%20illegal%20%3A
EPLMCN,,2,Good and cheap : eat well on $4/day / Leanne Brown,BROWN LEANNE,03/07/2016 12:00:00 AM,http://epl.bibliocommons.com/search?t=smart&q=good%20and%20cheap
EPLMCN,,2,The girl on the train / Paula Hawkins,HAWKINS PAULA,03/07/2016 12:00:00 AM,http://epl.bibliocommons.com/search?t=smart&q=the%20girl%20on
EPLMCN,,3,The piano maker / Kurt Palka,PALKA KURT,03/07/2016 12:00:00 AM,http://epl.bibliocommons.com/search?t=smart&q=the%20piano%20maker
EPLMCN,,3,My name is Lucy Barton : a novel / Elizabeth Strout,STROUT ELIZABETH,03/07/2016 12:00:00 AM,http://epl.bibliocommons.com/search?t=smart&q=my%20name%20is
EPLMCN,,2,"The wonder weeks : how to stimulate your baby's mental development and help him turn his 10 predictable, great, fussy, phases into magical leaps forward / Hetty van de Rijt and Frans Plooij ; [translation by Stephen Sonderegger and Gayle Kidder]. --",VANDERIJT HETTY,03/07/2016 12:00:00 AM,http://epl.bibliocommons.com/search?t=smart&q=the%20wonder%20weeks
EPLMCN,,2,After Alice / Gregory Maguire,MAGUIRE GREGORY,03/07/2016 12:00:00 AM,http://epl.bibliocommons.com/search?t=smart&q=after%20alice%20/
EPLMCN,,3,Blue : a novel / Danielle Steel,STEEL DANIELLE,03/07/2016 12:00:00 AM,http://epl.bibliocommons.com/search?t=smart&q=blue%20%3A%20a
EPLMCN,,3,The girl on the train / Paula Hawkins,HAWKINS PAULA,03/14/2016 12:00:00 AM,http://epl.bibliocommons.com/search?t=smart&q=the%20girl%20on
EPLMCN,,3,My name is Lucy Barton : a novel / Elizabeth Strout,STROUT ELIZABETH,03/14/2016 12:00:00 AM,http://epl.bibliocommons.com/search?t=smart&q=my%20name%20is
EPLMCN,,3,The piano maker / Kurt Palka,PALKA KURT,03/14/2016 12:00:00 AM,http://epl.bibliocommons.com/search?t=smart&q=the%20piano%20maker
EPLMCN,,2,After you / Jojo Moyes,MOYES JOJO,03/14/2016 12:00:00 AM,http://epl.bibliocommons.com/search?t=smart&q=after%20you%20/
EPLMCN,,3,Blue : a novel / Danielle Steel,STEEL DANIELLE,03/14/2016 12:00:00 AM,http://epl.bibliocommons.com/search?t=smart&q=blue%20%3A%20a
EPLMCN,,4,To kill a mockingbird / Harper Lee,LEE HARPER,03/14/2016 12:00:00 AM,http://epl.bibliocommons.com/search?t=smart&q=to%20kill%20a
EPLMCN,,2,The life-changing magic of tidying up : the Japanese art of decluttering and organizing / Marie Kond? ; translated from the Japanese by Cathy Hirano,KOND MARIE,03/14/2016 12:00:00 AM,http://epl.bibliocommons.com/search?t=smart&q=the%20life-changing%20magic
EPLMCN,,2,After Alice / Gregory Maguire,MAGUIRE GREGORY,03/14/2016 12:00:00 AM,http://epl.bibliocommons.com/search?t=smart&q=after%20alice%20/
EPLMCN,,3,My Secret Mother  / by Phyllis  Whitsell,WHITSELL PHYLLIS,03/14/2016 12:00:00 AM,http://epl.bibliocommons.com/search?t=smart&q=my%20secret%20mother
EPLMCN,,3,"My secret mother : two different lives, one heartbreaking secret : a memoir / Phyllis Whitsell with Barbara Fisher",WHITSELL PHYLLIS,03/21/2016 12:00:00 AM,http://epl.bibliocommons.com/search?t=smart&q=my%20secret%20mother
EPLMCN,,2,Good and cheap : eat well on $4/day / Leanne Brown,BROWN LEANNE,03/21/2016 12:00:00 AM,http://epl.bibliocommons.com/search?t=smart&q=good%20and%20cheap
EPLMCN,,3,The girl on the train / Paula Hawkins,HAWKINS PAULA,03/21/2016 12:00:00 AM,http://epl.bibliocommons.com/search?t=smart&q=the%20girl%20on
EPLMCN,,2,Me before you / Jojo Moyes,MOYES JOJO,03/21/2016 12:00:00 AM,http://epl.bibliocommons.com/search?t=smart&q=me%20before%20you
EPLMCN,,4,Brooklyn : a novel / Colm Toibin,TOIBIN COLM,03/21/2016 12:00:00 AM,http://epl.bibliocommons.com/search?t=smart&q=brooklyn%20%3A%20a
EPLMCN,,2,The life-changing magic of tidying up : the Japanese art of decluttering and organizing / Marie Kond? ; translated from the Japanese by Cathy Hirano,KOND MARIE,03/21/2016 12:00:00 AM,http://epl.bibliocommons.com/search?t=smart&q=the%20life-changing%20magic
EPLMCN,,3,Blue : a novel / Danielle Steel,STEEL DANIELLE,03/21/2016 12:00:00 AM,http://epl.bibliocommons.com/search?t=smart&q=blue%20%3A%20a
EPLMCN,,3,My name is Lucy Barton : a novel / Elizabeth Strout,STROUT ELIZABETH,03/21/2016 12:00:00 AM,http://epl.bibliocommons.com/search?t=smart&q=my%20name%20is
EPLMCN,,2,The lovers : Afghanistan's Romeo & Juliet : the true story of how they defied their families and escaped an honor killing / Rod Nordland,NORDLAND ROD,03/21/2016 12:00:00 AM,http://epl.bibliocommons.com/search?t=smart&q=the%20lovers%20%3A
EPLMCN,,2,"The wonder weeks : how to stimulate your baby's mental development and help him turn his 10 predictable, great, fussy, phases into magical leaps forward / Hetty van de Rijt and Frans Plooij ; [translation by Stephen Sonderegger and Gayle Kidder]. --",VANDERIJT HETTY,03/21/2016 12:00:00 AM,http://epl.bibliocommons.com/search?t=smart&q=the%20wonder%20weeks
EPLMCN,,4,Brooklyn : a novel / Colm Toibin,TOIBIN COLM,03/28/2016 12:00:00 AM,http://epl.bibliocommons.com/search?t=smart&q=brooklyn%20%3A%20a
EPLMCN,,3,To kill a mockingbird / Harper Lee,LEE HARPER,03/28/2016 12:00:00 AM,http://epl.bibliocommons.com/search?t=smart&q=to%20kill%20a
EPLMCN,,3,"My secret mother : two different lives, one heartbreaking secret : a memoir / Phyllis Whitsell with Barbara Fisher",WHITSELL PHYLLIS,03/28/2016 12:00:00 AM,http://epl.bibliocommons.com/search?t=smart&q=my%20secret%20mother
EPLMCN,,3,My name is Lucy Barton : a novel / Elizabeth Strout,STROUT ELIZABETH,03/28/2016 12:00:00 AM,http://epl.bibliocommons.com/search?t=smart&q=my%20name%20is
EPLMCN,,2,The lovers : Afghanistan's Romeo & Juliet : the true story of how they defied their families and escaped an honor killing / Rod Nordland,NORDLAND ROD,03/28/2016 12:00:00 AM,http://epl.bibliocommons.com/search?t=smart&q=the%20lovers%20%3A
EPLMCN,,3,The widow / Fiona Barton,BARTON FIONA,03/28/2016 12:00:00 AM,http://epl.bibliocommons.com/search?t=smart&q=the%20widow%20/
EPLMCN,,2,Good and cheap : eat well on $4/day / Leanne Brown,BROWN LEANNE,03/28/2016 12:00:00 AM,http://epl.bibliocommons.com/search?t=smart&q=good%20and%20cheap
EPLMCN,,3,The girl on the train / Paula Hawkins,HAWKINS PAULA,03/28/2016 12:00:00 AM,http://epl.bibliocommons.com/search?t=smart&q=the%20girl%20on
EPLMCN,,2,The expatriates / Janice Y. K. Lee,LEE JANICE Y K,03/28/2016 12:00:00 AM,http://epl.bibliocommons.com/search?t=smart&q=the%20expatriates%20/
EPLMCN,,3,The illegal : a novel / Lawrence Hill,HILL LAWRENCE,03/28/2016 12:00:00 AM,http://epl.bibliocommons.com/search?t=smart&q=the%20illegal%20%3A
EPLMCN,,2,Good and cheap : eat well on $4/day / Leanne Brown,BROWN LEANNE,04/04/2016 12:00:00 AM,http://epl.bibliocommons.com/search?t=smart&q=good%20and%20cheap
EPLMCN,,4,Brooklyn : a novel / Colm Toibin,TOIBIN COLM,04/04/2016 12:00:00 AM,http://epl.bibliocommons.com/search?t=smart&q=brooklyn%20%3A%20a
EPLMCN,,2,"The Whole30 : the 30-day guide to total health and food freedom / Melissa Hartwig and Dallas Hartwig, with chef Richard Bradford ; photography by Alexandra Grablewski",HARTWIG MELISSA,04/04/2016 12:00:00 AM,http://epl.bibliocommons.com/search?t=smart&q=the%20whole30%20%3A
EPLMCN,,2,Happiness equation: Want nothing + do anything = have everything  / by Neil  Pasricha,PASRICHA NEIL,04/04/2016 12:00:00 AM,http://epl.bibliocommons.com/search?t=smart&q=happiness%20equation%3A%20want
EPLMCN,,3,The girl on the train / Paula Hawkins,HAWKINS PAULA,04/04/2016 12:00:00 AM,http://epl.bibliocommons.com/search?t=smart&q=the%20girl%20on
EPLMCN,,2,The lovers : Afghanistan's Romeo & Juliet : the true story of how they defied their families and escaped an honor killing / Rod Nordland,NORDLAND ROD,04/04/2016 12:00:00 AM,http://epl.bibliocommons.com/search?t=smart&q=the%20lovers%20%3A
EPLMCN,,3,"My secret mother : two different lives, one heartbreaking secret : a memoir / Phyllis Whitsell with Barbara Fisher",WHITSELL PHYLLIS,04/04/2016 12:00:00 AM,http://epl.bibliocommons.com/search?t=smart&q=my%20secret%20mother
EPLMCN,,2,Old school / by Jeff Kinney,KINNEY JEFF,04/04/2016 12:00:00 AM,http://epl.bibliocommons.com/search?t=smart&q=old%20school%20/
EPLMCN,,2,After Alice / Gregory Maguire,MAGUIRE GREGORY,04/04/2016 12:00:00 AM,http://epl.bibliocommons.com/search?t=smart&q=after%20alice%20/
EPLMCN,,3,A few of the girls / Maeve Binchy,BINCHY MAEVE 002012,04/04/2016 12:00:00 AM,http://epl.bibliocommons.com/search?t=smart&q=a%20few%20of
EPLMCN,,2,The happiness equation : want nothing + do anything = have everything / Neil Pasricha,PASRICHA NEIL,04/11/2016 12:00:00 AM,http://epl.bibliocommons.com/search?t=smart&q=the%20happiness%20equation
EPLMCN,,3,A few of the girls / Maeve Binchy,BINCHY MAEVE 002012,04/11/2016 12:00:00 AM,http://epl.bibliocommons.com/search?t=smart&q=a%20few%20of
EPLMCN,,3,The girl on the train / Paula Hawkins,HAWKINS PAULA,04/11/2016 12:00:00 AM,http://epl.bibliocommons.com/search?t=smart&q=the%20girl%20on
EPLMCN,,3,"My secret mother : two different lives, one heartbreaking secret : a memoir / Phyllis Whitsell with Barbara Fisher",WHITSELL PHYLLIS,04/11/2016 12:00:00 AM,http://epl.bibliocommons.com/search?t=smart&q=my%20secret%20mother
EPLMCN,,3,The life-changing magic of tidying up : the Japanese art of decluttering and organizing / Marie Kond? ; translated from the Japanese by Cathy Hirano,KOND MARIE,04/11/2016 12:00:00 AM,http://epl.bibliocommons.com/search?t=smart&q=the%20life-changing%20magic
EPLMCN,,4,Brooklyn : a novel / Colm Toibin,TOIBIN COLM,04/11/2016 12:00:00 AM,http://epl.bibliocommons.com/search?t=smart&q=brooklyn%20%3A%20a
EPLMCN,,2,Fifteen dogs : an apologue / Andre Alexis,ALEXIS ANDRE,04/11/2016 12:00:00 AM,http://epl.bibliocommons.com/search?t=smart&q=fifteen%20dogs%20%3A
EPLMCN,,2,The damned / Andrew Pyper,PYPER ANDREW,04/11/2016 12:00:00 AM,http://epl.bibliocommons.com/search?t=smart&q=the%20damned%20/
EPLMCN,,2,"The Whole30 : the 30-day guide to total health and food freedom / Melissa Hartwig and Dallas Hartwig, with chef Richard Bradford ; photography by Alexandra Grablewski",HARTWIG MELISSA,04/11/2016 12:00:00 AM,http://epl.bibliocommons.com/search?t=smart&q=the%20whole30%20%3A
EPLMCN,,2,Old school / by Jeff Kinney,KINNEY JEFF,04/11/2016 12:00:00 AM,http://epl.bibliocommons.com/search?t=smart&q=old%20school%20/
EPLMCN,,2,The happiness equation : want nothing + do anything = have everything / Neil Pasricha,PASRICHA NEIL,04/18/2016 12:00:00 AM,http://epl.bibliocommons.com/search?t=smart&q=the%20happiness%20equation
EPLMCN,,3,The life-changing magic of tidying up : the Japanese art of decluttering and organizing / Marie Kond? ; translated from the Japanese by Cathy Hirano,KOND MARIE,04/18/2016 12:00:00 AM,http://epl.bibliocommons.com/search?t=smart&q=the%20life-changing%20magic
EPLMCN,,3,The obsession / Nora Roberts,ROBERTS NORA,04/18/2016 12:00:00 AM,http://epl.bibliocommons.com/search?t=smart&q=the%20obsession%20/
EPLMCN,,4,Property of a noblewoman : a novel / Danielle Steel. --,STEEL DANIELLE,04/18/2016 12:00:00 AM,http://epl.bibliocommons.com/search?t=smart&q=property%20of%20a
EPLMCN,,3,Still mine : a novel / Amy Stuart,STUART AMY,04/18/2016 12:00:00 AM,http://epl.bibliocommons.com/search?t=smart&q=still%20mine%20%3A
EPLMCN,,2,Love you forever / written by Robert Munsch ; illustrated by Sheila McGraw,MUNSCH ROBERT N,04/18/2016 12:00:00 AM,http://epl.bibliocommons.com/search?t=smart&q=love%20you%20forever
EPLMCN,,4,Brooklyn : a novel / Colm Toibin,TOIBIN COLM,04/18/2016 12:00:00 AM,http://epl.bibliocommons.com/search?t=smart&q=brooklyn%20%3A%20a
EPLMCN,,3,"My secret mother : two different lives, one heartbreaking secret : a memoir / Phyllis Whitsell with Barbara Fisher",WHITSELL PHYLLIS,04/18/2016 12:00:00 AM,http://epl.bibliocommons.com/search?t=smart&q=my%20secret%20mother
EPLMCN,,2,Old school / by Jeff Kinney,KINNEY JEFF,04/18/2016 12:00:00 AM,http://epl.bibliocommons.com/search?t=smart&q=old%20school%20/
EPLMCN,,3,The girl on the train / Paula Hawkins,HAWKINS PAULA,04/18/2016 12:00:00 AM,http://epl.bibliocommons.com/search?t=smart&q=the%20girl%20on
EPLMCN,,3,The life-changing magic of tidying up : the Japanese art of decluttering and organizing / Marie Kond? ; translated from the Japanese by Cathy Hirano,KOND MARIE,04/25/2016 12:00:00 AM,http://epl.bibliocommons.com/search?t=smart&q=the%20life-changing%20magic
EPLMCN,,2,Fifteen dogs : an apologue / Andre Alexis,ALEXIS ANDRE,04/25/2016 12:00:00 AM,http://epl.bibliocommons.com/search?t=smart&q=fifteen%20dogs%20%3A
EPLMCN,,3,The nest / Cynthia D'Aprix Sweeney,SWEENEY CYNTHIA DAPRIX,04/25/2016 12:00:00 AM,http://epl.bibliocommons.com/search?t=smart&q=the%20nest%20/
EPLMCN,,3,The happiness equation : want nothing + do anything = have everything / Neil Pasricha,PASRICHA NEIL,04/25/2016 12:00:00 AM,http://epl.bibliocommons.com/search?t=smart&q=the%20happiness%20equation
EPLMCN,,2,"The Whole30 : the 30-day guide to total health and food freedom / Melissa Hartwig and Dallas Hartwig, with chef Richard Bradford ; photography by Alexandra Grablewski",HARTWIG MELISSA,04/25/2016 12:00:00 AM,http://epl.bibliocommons.com/search?t=smart&q=the%20whole30%20%3A
EPLMCN,,3,"My secret mother : two different lives, one heartbreaking secret : a memoir / Phyllis Whitsell with Barbara Fisher",WHITSELL PHYLLIS,04/25/2016 12:00:00 AM,http://epl.bibliocommons.com/search?t=smart&q=my%20secret%20mother
EPLMCN,,4,Property of a noblewoman : a novel / Danielle Steel. --,STEEL DANIELLE,04/25/2016 12:00:00 AM,http://epl.bibliocommons.com/search?t=smart&q=property%20of%20a
EPLMCN,,5,The girl on the train / Paula Hawkins,HAWKINS PAULA,04/25/2016 12:00:00 AM,http://epl.bibliocommons.com/search?t=smart&q=the%20girl%20on
EPLMCN,,2,Love you forever / written by Robert Munsch ; illustrated by Sheila McGraw,MUNSCH ROBERT N,04/25/2016 12:00:00 AM,http://epl.bibliocommons.com/search?t=smart&q=love%20you%20forever
EPLMCN,,4,Brooklyn : a novel / Colm Toibin,TOIBIN COLM,04/25/2016 12:00:00 AM,http://epl.bibliocommons.com/search?t=smart&q=brooklyn%20%3A%20a
EPLMCN,,4,15th Affair  / by James  Patterson,PATTERSON JAMES,05/02/2016 12:00:00 AM,http://epl.bibliocommons.com/search?t=smart&q=15th%20affair%20/
EPLMCN,,4,Property of a noblewoman : a novel / Danielle Steel. --,STEEL DANIELLE,05/02/2016 12:00:00 AM,http://epl.bibliocommons.com/search?t=smart&q=property%20of%20a
EPLMCN,,2,Fifteen dogs : an apologue / Andre Alexis,ALEXIS ANDRE,05/02/2016 12:00:00 AM,http://epl.bibliocommons.com/search?t=smart&q=fifteen%20dogs%20%3A
EPLMCN,,3,The happiness equation : want nothing + do anything = have everything / Neil Pasricha,PASRICHA NEIL,05/02/2016 12:00:00 AM,http://epl.bibliocommons.com/search?t=smart&q=the%20happiness%20equation
EPLMCN,,2,"The Whole30 : the 30-day guide to total health and food freedom / Melissa Hartwig and Dallas Hartwig, with chef Richard Bradford ; photography by Alexandra Grablewski",HARTWIG MELISSA,05/02/2016 12:00:00 AM,http://epl.bibliocommons.com/search?t=smart&q=the%20whole30%20%3A
EPLMCN,,4,Brooklyn : a novel / Colm Toibin,TOIBIN COLM,05/02/2016 12:00:00 AM,http://epl.bibliocommons.com/search?t=smart&q=brooklyn%20%3A%20a
EPLMCN,,4,The girl on the train / Paula Hawkins,HAWKINS PAULA,05/02/2016 12:00:00 AM,http://epl.bibliocommons.com/search?t=smart&q=the%20girl%20on
EPLMCN,,3,"My secret mother : two different lives, one heartbreaking secret : a memoir / Phyllis Whitsell with Barbara Fisher",WHITSELL PHYLLIS,05/02/2016 12:00:00 AM,http://epl.bibliocommons.com/search?t=smart&q=my%20secret%20mother
EPLMCN,,3,The life-changing magic of tidying up : the Japanese art of decluttering and organizing / Marie Kond? ; translated from the Japanese by Cathy Hirano,KOND MARIE,05/02/2016 12:00:00 AM,http://epl.bibliocommons.com/search?t=smart&q=the%20life-changing%20magic
EPLMCN,,3,The nest / Cynthia D'Aprix Sweeney,SWEENEY CYNTHIA DAPRIX,05/02/2016 12:00:00 AM,http://epl.bibliocommons.com/search?t=smart&q=the%20nest%20/
EPLMCN,,4,15th affair / James Patterson and Maxine Paetro,PATTERSON JAMES,05/16/2016 12:00:00 AM,http://epl.bibliocommons.com/search?t=smart&q=15th%20affair%20/
EPLMCN,,3,"My secret mother : two different lives, one heartbreaking secret : a memoir / Phyllis Whitsell with Barbara Fisher",WHITSELL PHYLLIS,05/16/2016 12:00:00 AM,http://epl.bibliocommons.com/search?t=smart&q=my%20secret%20mother
EPLMCN,,3,The life-changing magic of not giving a f*ck : how to stop spending time you don't have with people you don't like doing things you don't want to do / Sarah Knight,KNIGHT SARAH FREELANCE EDITOR,05/16/2016 12:00:00 AM,http://epl.bibliocommons.com/search?t=smart&q=the%20life-changing%20magic
EPLMCN,,4,The nest / Cynthia D'Aprix Sweeney,SWEENEY CYNTHIA DAPRIX,05/16/2016 12:00:00 AM,http://epl.bibliocommons.com/search?t=smart&q=the%20nest%20/
EPLMCN,,3,Property of a noblewoman : a novel / Danielle Steel. --,STEEL DANIELLE,05/16/2016 12:00:00 AM,http://epl.bibliocommons.com/search?t=smart&q=property%20of%20a
EPLMCN,,3,The happiness equation : want nothing + do anything = have everything / Neil Pasricha,PASRICHA NEIL,05/16/2016 12:00:00 AM,http://epl.bibliocommons.com/search?t=smart&q=the%20happiness%20equation
EPLMCN,,3,Me before you / Jojo Moyes,MOYES JOJO,05/16/2016 12:00:00 AM,http://epl.bibliocommons.com/search?t=smart&q=me%20before%20you
EPLMCN,,3,"The collapse of parenting : how we hurt our kids when we treat them like grown-ups : the three things you must do to help your child or teen become a fulfilled adult / Leonard Sax, M.D., Ph.D",SAX LEONARD,05/16/2016 12:00:00 AM,http://epl.bibliocommons.com/search?t=smart&q=the%20collapse%20of
EPLMCN,,3,The life-changing magic of tidying up : the Japanese art of decluttering and organizing / Marie Kond? ; translated from the Japanese by Cathy Hirano,KOND MARIE,05/16/2016 12:00:00 AM,http://epl.bibliocommons.com/search?t=smart&q=the%20life-changing%20magic
EPLMCN,,4,The girl on the train / Paula Hawkins,HAWKINS PAULA,05/16/2016 12:00:00 AM,http://epl.bibliocommons.com/search?t=smart&q=the%20girl%20on
EPLMCN,,4,The nest / Cynthia D'Aprix Sweeney,SWEENEY CYNTHIA DAPRIX,05/23/2016 12:00:00 AM,http://epl.bibliocommons.com/search?t=smart&q=the%20nest%20/
EPLMCN,,3,The life-changing magic of tidying up : the Japanese art of decluttering and organizing / Marie Kond? ; translated from the Japanese by Cathy Hirano,KOND MARIE,05/23/2016 12:00:00 AM,http://epl.bibliocommons.com/search?t=smart&q=the%20life-changing%20magic
EPLMCN,,3,15th affair / James Patterson and Maxine Paetro,PATTERSON JAMES,05/23/2016 12:00:00 AM,http://epl.bibliocommons.com/search?t=smart&q=15th%20affair%20/
EPLMCN,,3,Blue : a novel / Danielle Steel,STEEL DANIELLE,05/23/2016 12:00:00 AM,http://epl.bibliocommons.com/search?t=smart&q=blue%20%3A%20a
EPLMCN,,3,The life-changing magic of not giving a f*ck : how to stop spending time you don't have with people you don't like doing things you don't want to do / Sarah Knight,KNIGHT SARAH FREELANCE EDITOR,05/23/2016 12:00:00 AM,http://epl.bibliocommons.com/search?t=smart&q=the%20life-changing%20magic
EPLMCN,,3,Me before you / Jojo Moyes,MOYES JOJO,05/23/2016 12:00:00 AM,http://epl.bibliocommons.com/search?t=smart&q=me%20before%20you
EPLMCN,,3,The girl on the train / Paula Hawkins,HAWKINS PAULA,05/23/2016 12:00:00 AM,http://epl.bibliocommons.com/search?t=smart&q=the%20girl%20on
EPLMCN,,3,"The collapse of parenting : how we hurt our kids when we treat them like grown-ups : the three things you must do to help your child or teen become a fulfilled adult / Leonard Sax, M.D., Ph.D",SAX LEONARD,05/23/2016 12:00:00 AM,http://epl.bibliocommons.com/search?t=smart&q=the%20collapse%20of
EPLMCN,,3,Precious cargo : my year driving the kids on school bus 3077 / Craig Davidson,DAVIDSON CRAIG,05/23/2016 12:00:00 AM,http://epl.bibliocommons.com/search?t=smart&q=precious%20cargo%20%3A
EPLMCN,,3,The happiness equation : want nothing + do anything = have everything / Neil Pasricha,PASRICHA NEIL,05/23/2016 12:00:00 AM,http://epl.bibliocommons.com/search?t=smart&q=the%20happiness%20equation
EPLMCN,,3,Blue : a novel / Danielle Steel,STEEL DANIELLE,05/30/2016 12:00:00 AM,http://epl.bibliocommons.com/search?t=smart&q=blue%20%3A%20a
EPLMCN,,3,Find her : a novel / Lisa Gardner,GARDNER LISA,06/06/2016 12:00:00 AM,http://epl.bibliocommons.com/search?t=smart&q=find%20her%20%3A
EPLMCN,,3,The happiness equation : want nothing + do anything = have everything / Neil Pasricha,PASRICHA NEIL,05/30/2016 12:00:00 AM,http://epl.bibliocommons.com/search?t=smart&q=the%20happiness%20equation
EPLMCN,,3,Find her : a novel / Lisa Gardner,GARDNER LISA,05/30/2016 12:00:00 AM,http://epl.bibliocommons.com/search?t=smart&q=find%20her%20%3A
EPLMCN,,4,Me before you / Jojo Moyes,MOYES JOJO,05/30/2016 12:00:00 AM,http://epl.bibliocommons.com/search?t=smart&q=me%20before%20you
EPLMCN,,4,The nest / Cynthia D'Aprix Sweeney,SWEENEY CYNTHIA DAPRIX,05/30/2016 12:00:00 AM,http://epl.bibliocommons.com/search?t=smart&q=the%20nest%20/
EPLMCN,,3,The life-changing magic of tidying up : the Japanese art of decluttering and organizing / Marie Kond? ; translated from the Japanese by Cathy Hirano,KOND MARIE,05/30/2016 12:00:00 AM,http://epl.bibliocommons.com/search?t=smart&q=the%20life-changing%20magic
EPLMCN,,3,"The collapse of parenting : how we hurt our kids when we treat them like grown-ups : the three things you must do to help your child or teen become a fulfilled adult / Leonard Sax, M.D., Ph.D",SAX LEONARD,05/30/2016 12:00:00 AM,http://epl.bibliocommons.com/search?t=smart&q=the%20collapse%20of
EPLMCN,,3,The girl on the train / Paula Hawkins,HAWKINS PAULA,05/30/2016 12:00:00 AM,http://epl.bibliocommons.com/search?t=smart&q=the%20girl%20on
EPLMCN,,3,The life-changing magic of not giving a f*ck : how to stop spending time you don't have with people you don't like doing things you don't want to do / Sarah Knight,KNIGHT SARAH FREELANCE EDITOR,05/30/2016 12:00:00 AM,http://epl.bibliocommons.com/search?t=smart&q=the%20life-changing%20magic
EPLMCN,,5,The widow / Fiona Barton,BARTON FIONA,05/30/2016 12:00:00 AM,http://epl.bibliocommons.com/search?t=smart&q=the%20widow%20/
EPLMCN,,5,The girl on the train / Paula Hawkins,HAWKINS PAULA,06/06/2016 12:00:00 AM,http://epl.bibliocommons.com/search?t=smart&q=the%20girl%20on
EPLMCN,,6,Me before you / Jojo Moyes,MOYES JOJO,06/06/2016 12:00:00 AM,http://epl.bibliocommons.com/search?t=smart&q=me%20before%20you
EPLMCN,,3,The life-changing magic of not giving a f*ck : how to stop spending time you don't have with people you don't like doing things you don't want to do / Sarah Knight,KNIGHT SARAH FREELANCE EDITOR,06/06/2016 12:00:00 AM,http://epl.bibliocommons.com/search?t=smart&q=the%20life-changing%20magic
EPLMCN,,6,The widow / Fiona Barton,BARTON FIONA,06/06/2016 12:00:00 AM,http://epl.bibliocommons.com/search?t=smart&q=the%20widow%20/
EPLMCN,,4,15th affair / James Patterson and Maxine Paetro,PATTERSON JAMES,06/06/2016 12:00:00 AM,http://epl.bibliocommons.com/search?t=smart&q=15th%20affair%20/
EPLMCN,,3,"The collapse of parenting : how we hurt our kids when we treat them like grown-ups : the three things you must do to help your child or teen become a fulfilled adult / Leonard Sax, M.D., Ph.D",SAX LEONARD,06/06/2016 12:00:00 AM,http://epl.bibliocommons.com/search?t=smart&q=the%20collapse%20of
EPLMCN,,3,Most wanted / Lisa Scottoline,SCOTTOLINE LISA,06/06/2016 12:00:00 AM,http://epl.bibliocommons.com/search?t=smart&q=most%20wanted%20/
EPLMCN,,3,The life-changing magic of tidying up : the Japanese art of decluttering and organizing / Marie Kond? ; translated from the Japanese by Cathy Hirano,KOND MARIE,06/06/2016 12:00:00 AM,http://epl.bibliocommons.com/search?t=smart&q=the%20life-changing%20magic
EPLMCN,,3,The happiness equation : want nothing + do anything = have everything / Neil Pasricha,PASRICHA NEIL,06/06/2016 12:00:00 AM,http://epl.bibliocommons.com/search?t=smart&q=the%20happiness%20equation
EPLMCN,,7,Me before you / Jojo Moyes,MOYES JOJO,06/13/2016 12:00:00 AM,http://epl.bibliocommons.com/search?t=smart&q=me%20before%20you
EPLMCN,,3,The happiness equation : want nothing + do anything = have everything / Neil Pasricha,PASRICHA NEIL,06/13/2016 12:00:00 AM,http://epl.bibliocommons.com/search?t=smart&q=the%20happiness%20equation
EPLMCN,,3,The nest / Cynthia D'Aprix Sweeney,SWEENEY CYNTHIA DAPRIX,06/13/2016 12:00:00 AM,http://epl.bibliocommons.com/search?t=smart&q=the%20nest%20/
EPLMCN,,3,Find her : a novel / Lisa Gardner,GARDNER LISA,06/13/2016 12:00:00 AM,http://epl.bibliocommons.com/search?t=smart&q=find%20her%20%3A
EPLMCN,,3,As time goes by : a novel / Mary Higgins Clark,CLARK MARY HIGGINS,06/13/2016 12:00:00 AM,http://epl.bibliocommons.com/search?t=smart&q=as%20time%20goes
EPLMCN,,3,The crown / Keira Cass,CASS KIERA,06/13/2016 12:00:00 AM,http://epl.bibliocommons.com/search?t=smart&q=the%20crown%20/
EPLMCN,,3,Most wanted / Lisa Scottoline,SCOTTOLINE LISA,06/13/2016 12:00:00 AM,http://epl.bibliocommons.com/search?t=smart&q=most%20wanted%20/
EPLMCN,,5,The girl on the train / Paula Hawkins,HAWKINS PAULA,06/13/2016 12:00:00 AM,http://epl.bibliocommons.com/search?t=smart&q=the%20girl%20on
EPLMCN,,3,The life-changing magic of not giving a f*ck : how to stop spending time you don't have with people you don't like doing things you don't want to do / Sarah Knight,KNIGHT SARAH FREELANCE EDITOR,06/13/2016 12:00:00 AM,http://epl.bibliocommons.com/search?t=smart&q=the%20life-changing%20magic
EPLMCN,,5,The widow / Fiona Barton,BARTON FIONA,06/13/2016 12:00:00 AM,http://epl.bibliocommons.com/search?t=smart&q=the%20widow%20/
EPLMCN,,4,The girl on the train / Paula Hawkins,HAWKINS PAULA,06/20/2016 12:00:00 AM,http://epl.bibliocommons.com/search?t=smart&q=the%20girl%20on
EPLMCN,,7,Me before you / Jojo Moyes,MOYES JOJO,06/20/2016 12:00:00 AM,http://epl.bibliocommons.com/search?t=smart&q=me%20before%20you
EPLMCN,,3,Most wanted / Lisa Scottoline,SCOTTOLINE LISA,06/20/2016 12:00:00 AM,http://epl.bibliocommons.com/search?t=smart&q=most%20wanted%20/
EPLMCN,,3,Precious cargo : my year driving the kids on school bus 3077 / Craig Davidson,DAVIDSON CRAIG,06/20/2016 12:00:00 AM,http://epl.bibliocommons.com/search?t=smart&q=precious%20cargo%20%3A
EPLMCN,,3,The crown / Keira Cass,CASS KIERA,06/20/2016 12:00:00 AM,http://epl.bibliocommons.com/search?t=smart&q=the%20crown%20/
EPLMCN,,3,The happiness equation : want nothing + do anything = have everything / Neil Pasricha,PASRICHA NEIL,06/20/2016 12:00:00 AM,http://epl.bibliocommons.com/search?t=smart&q=the%20happiness%20equation
EPLMCN,,3,As time goes by : a novel / Mary Higgins Clark,CLARK MARY HIGGINS,06/20/2016 12:00:00 AM,http://epl.bibliocommons.com/search?t=smart&q=as%20time%20goes
EPLMCN,,3,The nest / Cynthia D'Aprix Sweeney,SWEENEY CYNTHIA DAPRIX,06/20/2016 12:00:00 AM,http://epl.bibliocommons.com/search?t=smart&q=the%20nest%20/
EPLMCN,,3,Find her : a novel / Lisa Gardner,GARDNER LISA,06/20/2016 12:00:00 AM,http://epl.bibliocommons.com/search?t=smart&q=find%20her%20%3A
EPLMCN,,5,The widow / Fiona Barton,BARTON FIONA,06/20/2016 12:00:00 AM,http://epl.bibliocommons.com/search?t=smart&q=the%20widow%20/
EPLMCN,,6,Me before you / Jojo Moyes,MOYES JOJO,06/27/2016 12:00:00 AM,http://epl.bibliocommons.com/search?t=smart&q=me%20before%20you
EPLMCN,,4,The nest / Cynthia D'Aprix Sweeney,SWEENEY CYNTHIA DAPRIX,06/27/2016 12:00:00 AM,http://epl.bibliocommons.com/search?t=smart&q=the%20nest%20/
EPLMCN,,3,The girl on the train / Paula Hawkins,HAWKINS PAULA,06/27/2016 12:00:00 AM,http://epl.bibliocommons.com/search?t=smart&q=the%20girl%20on
EPLMCN,,3,As time goes by : a novel / Mary Higgins Clark,CLARK MARY HIGGINS,06/27/2016 12:00:00 AM,http://epl.bibliocommons.com/search?t=smart&q=as%20time%20goes
EPLMCN,,3,Precious cargo : my year driving the kids on school bus 3077 / Craig Davidson,DAVIDSON CRAIG,06/27/2016 12:00:00 AM,http://epl.bibliocommons.com/search?t=smart&q=precious%20cargo%20%3A
EPLMCN,,3,The crown / Keira Cass,CASS KIERA,06/27/2016 12:00:00 AM,http://epl.bibliocommons.com/search?t=smart&q=the%20crown%20/
EPLMCN,,4,Birdie : a novel / Tracey Lindberg,LINDBERG TRACEY,06/27/2016 12:00:00 AM,http://epl.bibliocommons.com/search?t=smart&q=birdie%20%3A%20a
EPLMCN,,3,The happiness equation : want nothing + do anything = have everything / Neil Pasricha,PASRICHA NEIL,06/27/2016 12:00:00 AM,http://epl.bibliocommons.com/search?t=smart&q=the%20happiness%20equation
EPLMCN,,5,The widow / Fiona Barton,BARTON FIONA,06/27/2016 12:00:00 AM,http://epl.bibliocommons.com/search?t=smart&q=the%20widow%20/
EPLMCN,,3,Most wanted / Lisa Scottoline,SCOTTOLINE LISA,06/27/2016 12:00:00 AM,http://epl.bibliocommons.com/search?t=smart&q=most%20wanted%20/
EPLMCN,,3,The girl on the train / Paula Hawkins,HAWKINS PAULA,07/04/2016 12:00:00 AM,http://epl.bibliocommons.com/search?t=smart&q=the%20girl%20on
EPLMCN,,5,Me before you / Jojo Moyes,MOYES JOJO,07/04/2016 12:00:00 AM,http://epl.bibliocommons.com/search?t=smart&q=me%20before%20you
EPLMCN,,3,A man called Ove : a novel / Fredrik Backman ; translation by Henning Koch,BACKMAN FREDRIK,07/04/2016 12:00:00 AM,http://epl.bibliocommons.com/search?t=smart&q=a%20man%20called
EPLMCN,,5,The widow / Fiona Barton,BARTON FIONA,07/04/2016 12:00:00 AM,http://epl.bibliocommons.com/search?t=smart&q=the%20widow%20/
EPLMCN,,3,Most wanted / Lisa Scottoline,SCOTTOLINE LISA,07/04/2016 12:00:00 AM,http://epl.bibliocommons.com/search?t=smart&q=most%20wanted%20/
EPLMCN,,3,The weekenders / Mary Kay Andrews,ANDREWS MARY KAY,07/04/2016 12:00:00 AM,http://epl.bibliocommons.com/search?t=smart&q=the%20weekenders%20/
EPLMCN,,3,Precious cargo : my year driving the kids on school bus 3077 / Craig Davidson,DAVIDSON CRAIG,07/04/2016 12:00:00 AM,http://epl.bibliocommons.com/search?t=smart&q=precious%20cargo%20%3A
EPLMCN,,3,As time goes by : a novel / Mary Higgins Clark,CLARK MARY HIGGINS,07/04/2016 12:00:00 AM,http://epl.bibliocommons.com/search?t=smart&q=as%20time%20goes
EPLMCN,,4,The nest / Cynthia D'Aprix Sweeney,SWEENEY CYNTHIA DAPRIX,07/04/2016 12:00:00 AM,http://epl.bibliocommons.com/search?t=smart&q=the%20nest%20/
EPLMCN,,4,The happiness equation : want nothing + do anything = have everything / Neil Pasricha,PASRICHA NEIL,07/04/2016 12:00:00 AM,http://epl.bibliocommons.com/search?t=smart&q=the%20happiness%20equation
EPLMCN,,3,The weekenders / Mary Kay Andrews,ANDREWS MARY KAY,07/11/2016 12:00:00 AM,http://epl.bibliocommons.com/search?t=smart&q=the%20weekenders%20/
EPLMCN,,3,Precious cargo : my year driving the kids on school bus 3077 / Craig Davidson,DAVIDSON CRAIG,07/11/2016 12:00:00 AM,http://epl.bibliocommons.com/search?t=smart&q=precious%20cargo%20%3A
EPLMCN,,5,Me before you / Jojo Moyes,MOYES JOJO,07/11/2016 12:00:00 AM,http://epl.bibliocommons.com/search?t=smart&q=me%20before%20you
EPLMCN,,3,The girl on the train / Paula Hawkins,HAWKINS PAULA,07/11/2016 12:00:00 AM,http://epl.bibliocommons.com/search?t=smart&q=the%20girl%20on
EPLMCN,,3,As time goes by : a novel / Mary Higgins Clark,CLARK MARY HIGGINS,07/11/2016 12:00:00 AM,http://epl.bibliocommons.com/search?t=smart&q=as%20time%20goes
EPLMCN,,6,The widow / Fiona Barton,BARTON FIONA,07/11/2016 12:00:00 AM,http://epl.bibliocommons.com/search?t=smart&q=the%20widow%20/
EPLMCN,,4,A man called Ove : a novel / Fredrik Backman ; translation by Henning Koch,BACKMAN FREDRIK,07/11/2016 12:00:00 AM,http://epl.bibliocommons.com/search?t=smart&q=a%20man%20called
EPLMCN,,3,The happiness equation : want nothing + do anything = have everything / Neil Pasricha,PASRICHA NEIL,07/11/2016 12:00:00 AM,http://epl.bibliocommons.com/search?t=smart&q=the%20happiness%20equation
EPLMCN,,5,The nest / Cynthia D'Aprix Sweeney,SWEENEY CYNTHIA DAPRIX,07/11/2016 12:00:00 AM,http://epl.bibliocommons.com/search?t=smart&q=the%20nest%20/
EPLMCN,,3,First comes love : a novel / Emily Giffin,GIFFIN EMILY,07/11/2016 12:00:00 AM,http://epl.bibliocommons.com/search?t=smart&q=first%20comes%20love
EPLMCN,,3,The weekenders / Mary Kay Andrews,ANDREWS MARY KAY,07/11/2016 12:00:00 AM,http://epl.bibliocommons.com/search?t=smart&q=the%20weekenders%20/
EPLMCN,,3,Precious cargo : my year driving the kids on school bus 3077 / Craig Davidson,DAVIDSON CRAIG,07/11/2016 12:00:00 AM,http://epl.bibliocommons.com/search?t=smart&q=precious%20cargo%20%3A
EPLMCN,,5,Me before you / Jojo Moyes,MOYES JOJO,07/11/2016 12:00:00 AM,http://epl.bibliocommons.com/search?t=smart&q=me%20before%20you
EPLMCN,,3,The girl on the train / Paula Hawkins,HAWKINS PAULA,07/11/2016 12:00:00 AM,http://epl.bibliocommons.com/search?t=smart&q=the%20girl%20on
EPLMCN,,3,As time goes by : a novel / Mary Higgins Clark,CLARK MARY HIGGINS,07/11/2016 12:00:00 AM,http://epl.bibliocommons.com/search?t=smart&q=as%20time%20goes
EPLMCN,,6,The widow / Fiona Barton,BARTON FIONA,07/11/2016 12:00:00 AM,http://epl.bibliocommons.com/search?t=smart&q=the%20widow%20/
EPLMCN,,4,A man called Ove : a novel / Fredrik Backman ; translation by Henning Koch,BACKMAN FREDRIK,07/11/2016 12:00:00 AM,http://epl.bibliocommons.com/search?t=smart&q=a%20man%20called
EPLMCN,,3,The happiness equation : want nothing + do anything = have everything / Neil Pasricha,PASRICHA NEIL,07/11/2016 12:00:00 AM,http://epl.bibliocommons.com/search?t=smart&q=the%20happiness%20equation
EPLMCN,,5,The nest / Cynthia D'Aprix Sweeney,SWEENEY CYNTHIA DAPRIX,07/11/2016 12:00:00 AM,http://epl.bibliocommons.com/search?t=smart&q=the%20nest%20/
EPLMCN,,3,First comes love : a novel / Emily Giffin,GIFFIN EMILY,07/11/2016 12:00:00 AM,http://epl.bibliocommons.com/search?t=smart&q=first%20comes%20love
EPLMCN,,3,United as one / Pittacus Lore,LORE PITTACUS,07/25/2016 12:00:00 AM,http://epl.bibliocommons.com/search?t=smart&q=united%20as%20one
EPLMCN,,3,First comes love : a novel / Emily Giffin,GIFFIN EMILY,07/18/2016 12:00:00 AM,http://epl.bibliocommons.com/search?t=smart&q=first%20comes%20love
EPLMCN,,3,Truly Madly Guilty  / by Liane  Moriarty,MORIARTY LIANE,07/18/2016 12:00:00 AM,http://epl.bibliocommons.com/search?t=smart&q=truly%20madly%20guilty
EPLMCN,,4,A man called Ove : a novel / Fredrik Backman ; translation by Henning Koch,BACKMAN FREDRIK,07/18/2016 12:00:00 AM,http://epl.bibliocommons.com/search?t=smart&q=a%20man%20called
EPLMCN,,6,The widow / Fiona Barton,BARTON FIONA,07/18/2016 12:00:00 AM,http://epl.bibliocommons.com/search?t=smart&q=the%20widow%20/
EPLMCN,,4,The weekenders / Mary Kay Andrews,ANDREWS MARY KAY,07/18/2016 12:00:00 AM,http://epl.bibliocommons.com/search?t=smart&q=the%20weekenders%20/
EPLMCN,,3,As time goes by : a novel / Mary Higgins Clark,CLARK MARY HIGGINS,07/18/2016 12:00:00 AM,http://epl.bibliocommons.com/search?t=smart&q=as%20time%20goes
EPLMCN,,6,Me before you / Jojo Moyes,MOYES JOJO,07/18/2016 12:00:00 AM,http://epl.bibliocommons.com/search?t=smart&q=me%20before%20you
EPLMCN,,4,The nest / Cynthia D'Aprix Sweeney,SWEENEY CYNTHIA DAPRIX,07/18/2016 12:00:00 AM,http://epl.bibliocommons.com/search?t=smart&q=the%20nest%20/
EPLMCN,,3,The girl on the train / Paula Hawkins,HAWKINS PAULA,07/18/2016 12:00:00 AM,http://epl.bibliocommons.com/search?t=smart&q=the%20girl%20on
EPLMCN,,3,The happiness equation : want nothing + do anything = have everything / Neil Pasricha,PASRICHA NEIL,07/18/2016 12:00:00 AM,http://epl.bibliocommons.com/search?t=smart&q=the%20happiness%20equation
EPLMCN,,3,Truly Madly Guilty  / by Liane  Moriarty,MORIARTY LIANE,07/25/2016 12:00:00 AM,http://epl.bibliocommons.com/search?t=smart&q=truly%20madly%20guilty
EPLMCN,,6,The widow / Fiona Barton,BARTON FIONA,07/25/2016 12:00:00 AM,http://epl.bibliocommons.com/search?t=smart&q=the%20widow%20/
EPLMCN,,4,A man called Ove : a novel / Fredrik Backman ; translation by Henning Koch,BACKMAN FREDRIK,07/25/2016 12:00:00 AM,http://epl.bibliocommons.com/search?t=smart&q=a%20man%20called
EPLMCN,,3,The girls : a novel / Emma Cline,CLINE EMMA,07/25/2016 12:00:00 AM,http://epl.bibliocommons.com/search?t=smart&q=the%20girls%20%3A
EPLMCN,,6,Me before you / Jojo Moyes,MOYES JOJO,07/25/2016 12:00:00 AM,http://epl.bibliocommons.com/search?t=smart&q=me%20before%20you
EPLMCN,,5,Harry Potter and the Cursed Child: Parts I and II  / by J K Rowling,ROWLING J K,07/25/2016 12:00:00 AM,http://epl.bibliocommons.com/search?t=smart&q=harry%20potter%20and
EPLMCN,,4,The nest / Cynthia D'Aprix Sweeney,SWEENEY CYNTHIA DAPRIX,07/25/2016 12:00:00 AM,http://epl.bibliocommons.com/search?t=smart&q=the%20nest%20/
EPLMCN,,3,The happiness equation : want nothing + do anything = have everything / Neil Pasricha,PASRICHA NEIL,07/25/2016 12:00:00 AM,http://epl.bibliocommons.com/search?t=smart&q=the%20happiness%20equation
EPLMCN,,4,First comes love : a novel / Emily Giffin,GIFFIN EMILY,07/25/2016 12:00:00 AM,http://epl.bibliocommons.com/search?t=smart&q=first%20comes%20love
EPLMCN,,3,Truly Madly Guilty  / by Liane  Moriarty,MORIARTY LIANE,07/25/2016 12:00:00 AM,http://epl.bibliocommons.com/search?t=smart&q=truly%20madly%20guilty
EPLMCN,,6,The widow / Fiona Barton,BARTON FIONA,07/25/2016 12:00:00 AM,http://epl.bibliocommons.com/search?t=smart&q=the%20widow%20/
EPLMCN,,4,A man called Ove : a novel / Fredrik Backman ; translation by Henning Koch,BACKMAN FREDRIK,07/25/2016 12:00:00 AM,http://epl.bibliocommons.com/search?t=smart&q=a%20man%20called
EPLMCN,,3,The girls : a novel / Emma Cline,CLINE EMMA,07/25/2016 12:00:00 AM,http://epl.bibliocommons.com/search?t=smart&q=the%20girls%20%3A
EPLMCN,,6,Me before you / Jojo Moyes,MOYES JOJO,07/25/2016 12:00:00 AM,http://epl.bibliocommons.com/search?t=smart&q=me%20before%20you
EPLMCN,,3,United as one / Pittacus Lore,LORE PITTACUS,07/25/2016 12:00:00 AM,http://epl.bibliocommons.com/search?t=smart&q=united%20as%20one
EPLMCN,,5,Harry Potter and the Cursed Child: Parts I and II  / by J K Rowling,ROWLING J K,07/25/2016 12:00:00 AM,http://epl.bibliocommons.com/search?t=smart&q=harry%20potter%20and
EPLMCN,,4,The nest / Cynthia D'Aprix Sweeney,SWEENEY CYNTHIA DAPRIX,07/25/2016 12:00:00 AM,http://epl.bibliocommons.com/search?t=smart&q=the%20nest%20/
EPLMCN,,3,The happiness equation : want nothing + do anything = have everything / Neil Pasricha,PASRICHA NEIL,07/25/2016 12:00:00 AM,http://epl.bibliocommons.com/search?t=smart&q=the%20happiness%20equation
EPLMCN,,4,First comes love : a novel / Emily Giffin,GIFFIN EMILY,07/25/2016 12:00:00 AM,http://epl.bibliocommons.com/search?t=smart&q=first%20comes%20love
EPLMCN,,6,The widow / Fiona Barton,BARTON FIONA,08/08/2016 12:00:00 AM,http://epl.bibliocommons.com/search?t=smart&q=the%20widow%20/
EPLMCN,,4,A man called Ove : a novel / Fredrik Backman ; translation by Henning Koch,BACKMAN FREDRIK,08/08/2016 12:00:00 AM,http://epl.bibliocommons.com/search?t=smart&q=a%20man%20called
EPLMCN,,3,The weekenders / Mary Kay Andrews,ANDREWS MARY KAY,08/08/2016 12:00:00 AM,http://epl.bibliocommons.com/search?t=smart&q=the%20weekenders%20/
EPLMCN,,9,Me before you / Jojo Moyes,MOYES JOJO,08/08/2016 12:00:00 AM,http://epl.bibliocommons.com/search?t=smart&q=me%20before%20you
EPLMCN,,4,Magic : a novel / Danielle Steel,STEEL DANIELLE,08/08/2016 12:00:00 AM,http://epl.bibliocommons.com/search?t=smart&q=magic%20%3A%20a
EPLMCN,,5,Truly madly guilty / Liane Moriarty,,08/08/2016 12:00:00 AM,http://epl.bibliocommons.com/search?t=smart&q=truly%20madly%20guilty
EPLMCN,,7,"Harry Potter and the cursed child. Parts one and two / based on an original new story by J.K. Rowling, John Tiffany & Jack Thorne ; a new play by Jack Thorne",THORNE JACK,08/08/2016 12:00:00 AM,http://epl.bibliocommons.com/search?t=smart&q=harry%20potter%20and
EPLMCN,,4,The girl on the train / Paula Hawkins,HAWKINS PAULA,08/08/2016 12:00:00 AM,http://epl.bibliocommons.com/search?t=smart&q=the%20girl%20on
EPLMCN,,7,First comes love : a novel / Emily Giffin,GIFFIN EMILY,08/08/2016 12:00:00 AM,http://epl.bibliocommons.com/search?t=smart&q=first%20comes%20love
EPLMCN,,5,The nest / Cynthia D'Aprix Sweeney,SWEENEY CYNTHIA DAPRIX,08/08/2016 12:00:00 AM,http://epl.bibliocommons.com/search?t=smart&q=the%20nest%20/
EPLMCN,,3,I let you go / Clare Mackintosh,MACKINTOSH CLARE,08/15/2016 12:00:00 AM,http://epl.bibliocommons.com/search?t=smart&q=i%20let%20you
EPLMCN,,7,First comes love : a novel / Emily Giffin,GIFFIN EMILY,08/15/2016 12:00:00 AM,http://epl.bibliocommons.com/search?t=smart&q=first%20comes%20love
EPLMCN,,3,Don't you cry / Mary Kubica,KUBICA MARY,08/15/2016 12:00:00 AM,http://epl.bibliocommons.com/search?t=smart&q=don%27t%20you%20cry
EPLMCN,,8,Me before you / Jojo Moyes,MOYES JOJO,08/15/2016 12:00:00 AM,http://epl.bibliocommons.com/search?t=smart&q=me%20before%20you
EPLMCN,,3,The weekenders / Mary Kay Andrews,ANDREWS MARY KAY,08/15/2016 12:00:00 AM,http://epl.bibliocommons.com/search?t=smart&q=the%20weekenders%20/
EPLMCN,,9,"Harry Potter and the cursed child. Parts one and two / based on an original new story by J.K. Rowling, John Tiffany & Jack Thorne ; a new play by Jack Thorne",THORNE JACK,08/15/2016 12:00:00 AM,http://epl.bibliocommons.com/search?t=smart&q=harry%20potter%20and
EPLMCN,,5,The nest / Cynthia D'Aprix Sweeney,SWEENEY CYNTHIA DAPRIX,08/15/2016 12:00:00 AM,http://epl.bibliocommons.com/search?t=smart&q=the%20nest%20/
EPLMCN,,6,Truly madly guilty / Liane Moriarty,MORIARTY LIANE,08/15/2016 12:00:00 AM,http://epl.bibliocommons.com/search?t=smart&q=truly%20madly%20guilty
EPLMCN,,5,The girl on the train / Paula Hawkins,HAWKINS PAULA,08/15/2016 12:00:00 AM,http://epl.bibliocommons.com/search?t=smart&q=the%20girl%20on
EPLMCN,,6,The widow / Fiona Barton,BARTON FIONA,08/15/2016 12:00:00 AM,http://epl.bibliocommons.com/search?t=smart&q=the%20widow%20/
EPLMCN,,3,"The joy of less : a minimalist living guide : how to declutter, organize, and simplify your life / Francine Jay",JAY FRANCINE,08/22/2016 12:00:00 AM,http://epl.bibliocommons.com/search?t=smart&q=the%20joy%20of
EPLMCN,,6,Truly madly guilty / Liane Moriarty,MORIARTY LIANE,08/22/2016 12:00:00 AM,http://epl.bibliocommons.com/search?t=smart&q=truly%20madly%20guilty
EPLMCN,,8,Me before you / Jojo Moyes,MOYES JOJO,08/22/2016 12:00:00 AM,http://epl.bibliocommons.com/search?t=smart&q=me%20before%20you
EPLMCN,,7,The nest / Cynthia D'Aprix Sweeney,SWEENEY CYNTHIA DAPRIX,08/22/2016 12:00:00 AM,http://epl.bibliocommons.com/search?t=smart&q=the%20nest%20/
EPLMCN,,5,The widow / Fiona Barton,BARTON FIONA,08/29/2016 12:00:00 AM,http://epl.bibliocommons.com/search?t=smart&q=the%20widow%20/
EPLMCN,,3,The nightingale / Kristin Hannah,HANNAH KRISTIN,08/22/2016 12:00:00 AM,http://epl.bibliocommons.com/search?t=smart&q=the%20nightingale%20/
EPLMCN,,3,I let you go / Clare Mackintosh,MACKINTOSH CLARE,08/22/2016 12:00:00 AM,http://epl.bibliocommons.com/search?t=smart&q=i%20let%20you
EPLMCN,,6,First comes love : a novel / Emily Giffin,GIFFIN EMILY,08/22/2016 12:00:00 AM,http://epl.bibliocommons.com/search?t=smart&q=first%20comes%20love
EPLMCN,,5,The girl on the train / Paula Hawkins,HAWKINS PAULA,08/22/2016 12:00:00 AM,http://epl.bibliocommons.com/search?t=smart&q=the%20girl%20on
EPLMCN,,5,The widow / Fiona Barton,BARTON FIONA,08/22/2016 12:00:00 AM,http://epl.bibliocommons.com/search?t=smart&q=the%20widow%20/
EPLMCN,,10,"Harry Potter and the cursed child. Parts one and two / based on an original new story by J.K. Rowling, John Tiffany & Jack Thorne ; a new play by Jack Thorne",THORNE JACK,08/22/2016 12:00:00 AM,http://epl.bibliocommons.com/search?t=smart&q=harry%20potter%20and
EPLMCN,,4,The nightingale / Kristin Hannah,HANNAH KRISTIN,08/29/2016 12:00:00 AM,http://epl.bibliocommons.com/search?t=smart&q=the%20nightingale%20/
EPLMCN,,8,Me before you / Jojo Moyes,MOYES JOJO,08/29/2016 12:00:00 AM,http://epl.bibliocommons.com/search?t=smart&q=me%20before%20you
EPLMCN,,7,The girl on the train / Paula Hawkins,HAWKINS PAULA,08/29/2016 12:00:00 AM,http://epl.bibliocommons.com/search?t=smart&q=the%20girl%20on
EPLMCN,,8,The nest / Cynthia D'Aprix Sweeney,SWEENEY CYNTHIA DAPRIX,08/29/2016 12:00:00 AM,http://epl.bibliocommons.com/search?t=smart&q=the%20nest%20/
EPLMCN,,5,The girl with the lower back tattoo / Amy Schumer,SCHUMER AMY,08/29/2016 12:00:00 AM,http://epl.bibliocommons.com/search?t=smart&q=the%20girl%20with
EPLMCN,,10,"Harry Potter and the cursed child. Parts one and two / based on an original new story by J.K. Rowling, John Tiffany & Jack Thorne ; a new play by Jack Thorne",THORNE JACK,08/29/2016 12:00:00 AM,http://epl.bibliocommons.com/search?t=smart&q=harry%20potter%20and
EPLMCN,,5,Truly madly guilty / Liane Moriarty,MORIARTY LIANE,08/29/2016 12:00:00 AM,http://epl.bibliocommons.com/search?t=smart&q=truly%20madly%20guilty
EPLMCN,,4,Magic : a novel / Danielle Steel,STEEL DANIELLE,08/29/2016 12:00:00 AM,http://epl.bibliocommons.com/search?t=smart&q=magic%20%3A%20a
EPLMCN,,5,First comes love : a novel / Emily Giffin,GIFFIN EMILY,08/29/2016 12:00:00 AM,http://epl.bibliocommons.com/search?t=smart&q=first%20comes%20love
EPLMCN,,8,The nest / Cynthia D'Aprix Sweeney,SWEENEY CYNTHIA DAPRIX,09/05/2016 12:00:00 AM,http://epl.bibliocommons.com/search?t=smart&q=the%20nest%20/
EPLMCN,,4,The life-changing magic of not giving a f*ck : how to stop spending time you don't have with people you don't like doing things you don't want to do / Sarah Knight,KNIGHT SARAH FREELANCE EDITOR,09/05/2016 12:00:00 AM,http://epl.bibliocommons.com/search?t=smart&q=the%20life-changing%20magic
EPLMCN,,4,Magic : a novel / Danielle Steel,STEEL DANIELLE,09/05/2016 12:00:00 AM,http://epl.bibliocommons.com/search?t=smart&q=magic%20%3A%20a
EPLMCN,,7,Me before you / Jojo Moyes,MOYES JOJO,09/05/2016 12:00:00 AM,http://epl.bibliocommons.com/search?t=smart&q=me%20before%20you
EPLMCN,,4,The widow / Fiona Barton,BARTON FIONA,09/05/2016 12:00:00 AM,http://epl.bibliocommons.com/search?t=smart&q=the%20widow%20/
EPLMCN,,6,Truly madly guilty / Liane Moriarty,MORIARTY LIANE,09/05/2016 12:00:00 AM,http://epl.bibliocommons.com/search?t=smart&q=truly%20madly%20guilty
EPLMCN,,5,First comes love : a novel / Emily Giffin,GIFFIN EMILY,09/05/2016 12:00:00 AM,http://epl.bibliocommons.com/search?t=smart&q=first%20comes%20love
EPLMCN,,11,"Harry Potter and the cursed child. Parts one and two / based on an original new story by J.K. Rowling, John Tiffany & Jack Thorne ; a new play by Jack Thorne",THORNE JACK,09/05/2016 12:00:00 AM,http://epl.bibliocommons.com/search?t=smart&q=harry%20potter%20and
EPLMCN,,4,Rushing waters : a novel / Danielle Steel,STEEL DANIELLE,09/05/2016 12:00:00 AM,http://epl.bibliocommons.com/search?t=smart&q=rushing%20waters%20%3A
EPLMCN,,4,The girl on the train / Paula Hawkins,HAWKINS PAULA,09/05/2016 12:00:00 AM,http://epl.bibliocommons.com/search?t=smart&q=the%20girl%20on
EPLMCN,,5,First comes love : a novel / Emily Giffin,GIFFIN EMILY,09/12/2016 12:00:00 AM,http://epl.bibliocommons.com/search?t=smart&q=first%20comes%20love
EPLMCN,,11,"Harry Potter and the cursed child. Parts one and two / based on an original new story by J.K. Rowling, John Tiffany & Jack Thorne ; a new play by Jack Thorne",THORNE JACK,09/12/2016 12:00:00 AM,http://epl.bibliocommons.com/search?t=smart&q=harry%20potter%20and
EPLMCN,,6,Me before you / Jojo Moyes,MOYES JOJO,09/12/2016 12:00:00 AM,http://epl.bibliocommons.com/search?t=smart&q=me%20before%20you
EPLMCN,,4,Magic : a novel / Danielle Steel,STEEL DANIELLE,09/12/2016 12:00:00 AM,http://epl.bibliocommons.com/search?t=smart&q=magic%20%3A%20a
EPLMCN,,6,The girl with the lower back tattoo / Amy Schumer,SCHUMER AMY,09/12/2016 12:00:00 AM,http://epl.bibliocommons.com/search?t=smart&q=the%20girl%20with
EPLMCN,,4,The life-changing magic of not giving a f*ck : how to stop spending time you don't have with people you don't like doing things you don't want to do / Sarah Knight,KNIGHT SARAH FREELANCE EDITOR,09/12/2016 12:00:00 AM,http://epl.bibliocommons.com/search?t=smart&q=the%20life-changing%20magic
EPLMCN,,4,Rushing waters : a novel / Danielle Steel,STEEL DANIELLE,09/12/2016 12:00:00 AM,http://epl.bibliocommons.com/search?t=smart&q=rushing%20waters%20%3A
EPLMCN,,4,The Underground Railroad : a novel / Colson Whitehead,WHITEHEAD COLSON,09/12/2016 12:00:00 AM,http://epl.bibliocommons.com/search?t=smart&q=the%20underground%20railroad
EPLMCN,,8,The nest / Cynthia D'Aprix Sweeney,SWEENEY CYNTHIA DAPRIX,09/12/2016 12:00:00 AM,http://epl.bibliocommons.com/search?t=smart&q=the%20nest%20/
EPLMCN,,6,Truly madly guilty / Liane Moriarty,MORIARTY LIANE,09/12/2016 12:00:00 AM,http://epl.bibliocommons.com/search?t=smart&q=truly%20madly%20guilty
EPLMCN,,6,Me before you / Jojo Moyes,MOYES JOJO,09/19/2016 12:00:00 AM,http://epl.bibliocommons.com/search?t=smart&q=me%20before%20you
EPLMCN,,5,The life-changing magic of not giving a f*ck : how to stop spending time you don't have with people you don't like doing things you don't want to do / Sarah Knight,KNIGHT SARAH FREELANCE EDITOR,09/19/2016 12:00:00 AM,http://epl.bibliocommons.com/search?t=smart&q=the%20life-changing%20magic
EPLMCN,,4,First comes love : a novel / Emily Giffin,GIFFIN EMILY,09/19/2016 12:00:00 AM,http://epl.bibliocommons.com/search?t=smart&q=first%20comes%20love
EPLMCN,,7,The nest / Cynthia D'Aprix Sweeney,SWEENEY CYNTHIA DAPRIX,09/19/2016 12:00:00 AM,http://epl.bibliocommons.com/search?t=smart&q=the%20nest%20/
EPLMCN,,10,"Harry Potter and the cursed child. Parts one and two / based on an original new story by J.K. Rowling, John Tiffany & Jack Thorne ; a new play by Jack Thorne",THORNE JACK,09/19/2016 12:00:00 AM,http://epl.bibliocommons.com/search?t=smart&q=harry%20potter%20and
EPLMCN,,3,Pokemon deluxe essential handbook : the need-to-know stats and facts on over 700 Pokemon,,09/19/2016 12:00:00 AM,http://epl.bibliocommons.com/search?t=smart&q=pokemon%20deluxe%20essential
EPLMCN,,6,The girl with the lower back tattoo / Amy Schumer,SCHUMER AMY,09/19/2016 12:00:00 AM,http://epl.bibliocommons.com/search?t=smart&q=the%20girl%20with
EPLMCN,,5,Rushing waters : a novel / Danielle Steel,STEEL DANIELLE,09/19/2016 12:00:00 AM,http://epl.bibliocommons.com/search?t=smart&q=rushing%20waters%20%3A
EPLMCN,,4,Truly madly guilty / Liane Moriarty,MORIARTY LIANE,09/19/2016 12:00:00 AM,http://epl.bibliocommons.com/search?t=smart&q=truly%20madly%20guilty
EPLMCN,,4,Magic : a novel / Danielle Steel,STEEL DANIELLE,09/19/2016 12:00:00 AM,http://epl.bibliocommons.com/search?t=smart&q=magic%20%3A%20a
EPLMCN,,5,The wonder : a novel / Emma Donoghue,DONOGHUE EMMA,09/26/2016 12:00:00 AM,http://epl.bibliocommons.com/search?t=smart&q=the%20wonder%20%3A
EPLMCN,,6,The girl with the lower back tattoo / Amy Schumer,SCHUMER AMY,09/26/2016 12:00:00 AM,http://epl.bibliocommons.com/search?t=smart&q=the%20girl%20with
EPLMCN,,7,The nest / Cynthia D'Aprix Sweeney,SWEENEY CYNTHIA DAPRIX,09/26/2016 12:00:00 AM,http://epl.bibliocommons.com/search?t=smart&q=the%20nest%20/
EPLMCN,,5,The couple next door / Shari Lapena,LAPE A SHARI,09/26/2016 12:00:00 AM,http://epl.bibliocommons.com/search?t=smart&q=the%20couple%20next
EPLMCN,,5,The life-changing magic of not giving a f*ck : how to stop spending time you don't have with people you don't like doing things you don't want to do / Sarah Knight,KNIGHT SARAH FREELANCE EDITOR,09/26/2016 12:00:00 AM,http://epl.bibliocommons.com/search?t=smart&q=the%20life-changing%20magic
EPLMCN,,5,Rushing waters : a novel / Danielle Steel,STEEL DANIELLE,09/26/2016 12:00:00 AM,http://epl.bibliocommons.com/search?t=smart&q=rushing%20waters%20%3A
EPLMCN,,4,After you / Jojo Moyes,MOYES JOJO,09/26/2016 12:00:00 AM,http://epl.bibliocommons.com/search?t=smart&q=after%20you%20/
EPLMCN,,4,Truly madly guilty / Liane Moriarty,MORIARTY LIANE,09/26/2016 12:00:00 AM,http://epl.bibliocommons.com/search?t=smart&q=truly%20madly%20guilty
EPLMCN,,4,Magic : a novel / Danielle Steel,STEEL DANIELLE,09/26/2016 12:00:00 AM,http://epl.bibliocommons.com/search?t=smart&q=magic%20%3A%20a
EPLMCN,,9,"Harry Potter and the cursed child. Parts one and two / based on an original new story by J.K. Rowling, John Tiffany & Jack Thorne ; a new play by Jack Thorne",THORNE JACK,09/26/2016 12:00:00 AM,http://epl.bibliocommons.com/search?t=smart&q=harry%20potter%20and
EPLMCN,,6,The life-changing magic of not giving a f*ck : how to stop spending time you don't have with people you don't like doing things you don't want to do / Sarah Knight,KNIGHT SARAH FREELANCE EDITOR,10/03/2016 12:00:00 AM,http://epl.bibliocommons.com/search?t=smart&q=the%20life-changing%20magic
EPLMCN,,7,The nest / Cynthia D'Aprix Sweeney,SWEENEY CYNTHIA DAPRIX,10/03/2016 12:00:00 AM,http://epl.bibliocommons.com/search?t=smart&q=the%20nest%20/
EPLMCN,,5,First comes love : a novel / Emily Giffin,GIFFIN EMILY,10/03/2016 12:00:00 AM,http://epl.bibliocommons.com/search?t=smart&q=first%20comes%20love
EPLMCN,,8,"Harry Potter and the cursed child. Parts one and two / based on an original new story by J.K. Rowling, John Tiffany & Jack Thorne ; a new play by Jack Thorne",THORNE JACK,10/03/2016 12:00:00 AM,http://epl.bibliocommons.com/search?t=smart&q=harry%20potter%20and
EPLMCN,,7,The girl with the lower back tattoo / Amy Schumer,SCHUMER AMY,10/03/2016 12:00:00 AM,http://epl.bibliocommons.com/search?t=smart&q=the%20girl%20with
EPLMCN,,4,Me before you / Jojo Moyes,MOYES JOJO,10/03/2016 12:00:00 AM,http://epl.bibliocommons.com/search?t=smart&q=me%20before%20you
EPLMCN,,4,Magic : a novel / Danielle Steel,STEEL DANIELLE,10/03/2016 12:00:00 AM,http://epl.bibliocommons.com/search?t=smart&q=magic%20%3A%20a
EPLMCN,,5,Rushing waters : a novel / Danielle Steel,STEEL DANIELLE,10/03/2016 12:00:00 AM,http://epl.bibliocommons.com/search?t=smart&q=rushing%20waters%20%3A
EPLMCN,,5,Truly madly guilty / Liane Moriarty,MORIARTY LIANE,10/03/2016 12:00:00 AM,http://epl.bibliocommons.com/search?t=smart&q=truly%20madly%20guilty
EPLMCN,,4,After you / Jojo Moyes,MOYES JOJO,10/03/2016 12:00:00 AM,http://epl.bibliocommons.com/search?t=smart&q=after%20you%20/
EPLMCN,,6,The nest / Cynthia D'Aprix Sweeney,SWEENEY CYNTHIA DAPRIX,10/10/2016 12:00:00 AM,http://epl.bibliocommons.com/search?t=smart&q=the%20nest%20/
EPLMCN,,4,Truly madly guilty / Liane Moriarty,MORIARTY LIANE,10/10/2016 12:00:00 AM,http://epl.bibliocommons.com/search?t=smart&q=truly%20madly%20guilty
EPLMCN,,4,After you / Jojo Moyes,MOYES JOJO,10/10/2016 12:00:00 AM,http://epl.bibliocommons.com/search?t=smart&q=after%20you%20/
EPLMCN,,6,The couple next door / Shari Lapena,LAPE A SHARI,10/10/2016 12:00:00 AM,http://epl.bibliocommons.com/search?t=smart&q=the%20couple%20next
EPLMCN,,7,"Harry Potter and the cursed child. Parts one and two / based on an original new story by J.K. Rowling, John Tiffany & Jack Thorne ; a new play by Jack Thorne",THORNE JACK,10/10/2016 12:00:00 AM,http://epl.bibliocommons.com/search?t=smart&q=harry%20potter%20and
EPLMCN,,5,The wonder : a novel / Emma Donoghue,DONOGHUE EMMA,10/10/2016 12:00:00 AM,http://epl.bibliocommons.com/search?t=smart&q=the%20wonder%20%3A
EPLMCN,,5,The girl on the train / Paula Hawkins,HAWKINS PAULA,10/10/2016 12:00:00 AM,http://epl.bibliocommons.com/search?t=smart&q=the%20girl%20on
EPLMCN,,4,Rushing waters : a novel / Danielle Steel,STEEL DANIELLE,10/10/2016 12:00:00 AM,http://epl.bibliocommons.com/search?t=smart&q=rushing%20waters%20%3A
EPLMCN,,7,The girl with the lower back tattoo / Amy Schumer,SCHUMER AMY,10/10/2016 12:00:00 AM,http://epl.bibliocommons.com/search?t=smart&q=the%20girl%20with
EPLMCN,,6,The life-changing magic of not giving a f*ck : how to stop spending time you don't have with people you don't like doing things you don't want to do / Sarah Knight,KNIGHT SARAH FREELANCE EDITOR,10/10/2016 12:00:00 AM,http://epl.bibliocommons.com/search?t=smart&q=the%20life-changing%20magic
EPLMCN,,5,The wonder : a novel / Emma Donoghue,DONOGHUE EMMA,10/17/2016 12:00:00 AM,http://epl.bibliocommons.com/search?t=smart&q=the%20wonder%20%3A
EPLMCN,,5,Truly madly guilty / Liane Moriarty,MORIARTY LIANE,10/17/2016 12:00:00 AM,http://epl.bibliocommons.com/search?t=smart&q=truly%20madly%20guilty
EPLMCN,,4,Me before you / Jojo Moyes,MOYES JOJO,10/17/2016 12:00:00 AM,http://epl.bibliocommons.com/search?t=smart&q=me%20before%20you
EPLMCN,,7,The nest / Cynthia D'Aprix Sweeney,SWEENEY CYNTHIA DAPRIX,10/17/2016 12:00:00 AM,http://epl.bibliocommons.com/search?t=smart&q=the%20nest%20/
EPLMCN,,4,After you / Jojo Moyes,MOYES JOJO,10/17/2016 12:00:00 AM,http://epl.bibliocommons.com/search?t=smart&q=after%20you%20/
EPLMCN,,8,The girl with the lower back tattoo / Amy Schumer,SCHUMER AMY,10/17/2016 12:00:00 AM,http://epl.bibliocommons.com/search?t=smart&q=the%20girl%20with
EPLMCN,,7,The couple next door / Shari Lapena,LAPE A SHARI,10/17/2016 12:00:00 AM,http://epl.bibliocommons.com/search?t=smart&q=the%20couple%20next
EPLMCN,,6,"Harry Potter and the cursed child. Parts one and two / based on an original new story by J.K. Rowling, John Tiffany & Jack Thorne ; a new play by Jack Thorne",THORNE JACK,10/17/2016 12:00:00 AM,http://epl.bibliocommons.com/search?t=smart&q=harry%20potter%20and
EPLMCN,,6,The life-changing magic of not giving a f*ck : how to stop spending time you don't have with people you don't like doing things you don't want to do / Sarah Knight,KNIGHT SARAH FREELANCE EDITOR,10/17/2016 12:00:00 AM,http://epl.bibliocommons.com/search?t=smart&q=the%20life-changing%20magic
EPLMCN,,4,First comes love : a novel / Emily Giffin,GIFFIN EMILY,10/17/2016 12:00:00 AM,http://epl.bibliocommons.com/search?t=smart&q=first%20comes%20love
EPLMCN,,5,"Harry Potter and the cursed child. Parts one and two / based on an original new story by J.K. Rowling, John Tiffany & Jack Thorne ; a new play by Jack Thorne",THORNE JACK,10/24/2016 12:00:00 AM,http://epl.bibliocommons.com/search?t=smart&q=harry%20potter%20and
EPLMCN,,5,Truly madly guilty / Liane Moriarty,MORIARTY LIANE,10/24/2016 12:00:00 AM,http://epl.bibliocommons.com/search?t=smart&q=truly%20madly%20guilty
EPLMCN,,5,The girl on the train / Paula Hawkins,HAWKINS PAULA,10/24/2016 12:00:00 AM,http://epl.bibliocommons.com/search?t=smart&q=the%20girl%20on
EPLMCN,,4,After you / Jojo Moyes,MOYES JOJO,10/24/2016 12:00:00 AM,http://epl.bibliocommons.com/search?t=smart&q=after%20you%20/
EPLMCN,,6,The girl on the train [large print] / Paula Hawkins,HAWKINS PAULA,10/24/2016 12:00:00 AM,http://epl.bibliocommons.com/search?t=smart&q=the%20girl%20on
EPLMCN,,5,The wonder : a novel / Emma Donoghue,DONOGHUE EMMA,10/24/2016 12:00:00 AM,http://epl.bibliocommons.com/search?t=smart&q=the%20wonder%20%3A
EPLMCN,,8,The girl with the lower back tattoo / Amy Schumer,SCHUMER AMY,10/24/2016 12:00:00 AM,http://epl.bibliocommons.com/search?t=smart&q=the%20girl%20with
EPLMCN,,8,The couple next door / Shari Lapena,LAPE A SHARI,10/24/2016 12:00:00 AM,http://epl.bibliocommons.com/search?t=smart&q=the%20couple%20next
EPLMCN,,8,The nest / Cynthia D'Aprix Sweeney,SWEENEY CYNTHIA DAPRIX,10/24/2016 12:00:00 AM,http://epl.bibliocommons.com/search?t=smart&q=the%20nest%20/
EPLMCN,,7,The life-changing magic of not giving a f*ck : how to stop spending time you don't have with people you don't like doing things you don't want to do / Sarah Knight,KNIGHT SARAH FREELANCE EDITOR,10/24/2016 12:00:00 AM,http://epl.bibliocommons.com/search?t=smart&q=the%20life-changing%20magic
EPLMCN,,5,"Harry Potter and the cursed child. Parts one and two / based on an original new story by J.K. Rowling, John Tiffany & Jack Thorne ; a new play by Jack Thorne",THORNE JACK,10/31/2016 12:00:00 AM,http://epl.bibliocommons.com/search?t=smart&q=harry%20potter%20and
EPLMCN,,7,The couple next door / Shari Lapena,LAPE A SHARI,10/31/2016 12:00:00 AM,http://epl.bibliocommons.com/search?t=smart&q=the%20couple%20next
EPLMCN,,5,All the missing girls : a novel / Megan Miranda,MIRANDA MEGAN,10/31/2016 12:00:00 AM,http://epl.bibliocommons.com/search?t=smart&q=all%20the%20missing
EPLMCN,,9,The nest / Cynthia D'Aprix Sweeney,SWEENEY CYNTHIA DAPRIX,10/31/2016 12:00:00 AM,http://epl.bibliocommons.com/search?t=smart&q=the%20nest%20/
EPLMCN,,6,The girl on the train [large print] / Paula Hawkins,HAWKINS PAULA,10/31/2016 12:00:00 AM,http://epl.bibliocommons.com/search?t=smart&q=the%20girl%20on
EPLMCN,,7,The girl with the lower back tattoo / Amy Schumer,SCHUMER AMY,10/31/2016 12:00:00 AM,http://epl.bibliocommons.com/search?t=smart&q=the%20girl%20with
EPLMCN,,7,The life-changing magic of not giving a f*ck : how to stop spending time you don't have with people you don't like doing things you don't want to do / Sarah Knight,KNIGHT SARAH FREELANCE EDITOR,10/31/2016 12:00:00 AM,http://epl.bibliocommons.com/search?t=smart&q=the%20life-changing%20magic
EPLMCN,,5,Truly madly guilty / Liane Moriarty,MORIARTY LIANE,10/31/2016 12:00:00 AM,http://epl.bibliocommons.com/search?t=smart&q=truly%20madly%20guilty
EPLMCN,,5,Behind closed doors / B.A. Paris,PARIS B A,10/31/2016 12:00:00 AM,http://epl.bibliocommons.com/search?t=smart&q=behind%20closed%20doors
EPLMCN,,6,The girl on the train / Paula Hawkins,HAWKINS PAULA,10/31/2016 12:00:00 AM,http://epl.bibliocommons.com/search?t=smart&q=the%20girl%20on
EPLMCN,,6,The life-changing magic of not giving a f*ck : how to stop spending time you don't have with people you don't like doing things you don't want to do / Sarah Knight,KNIGHT SARAH FREELANCE EDITOR,11/07/2016 12:00:00 AM,http://epl.bibliocommons.com/search?t=smart&q=the%20life-changing%20magic
EPLMCN,,5,The girl on the train / Paula Hawkins,HAWKINS PAULA,11/07/2016 12:00:00 AM,http://epl.bibliocommons.com/search?t=smart&q=the%20girl%20on
EPLMCN,,5,"Harry Potter and the cursed child. Parts one and two / based on an original new story by J.K. Rowling, John Tiffany & Jack Thorne ; a new play by Jack Thorne",THORNE JACK,11/07/2016 12:00:00 AM,http://epl.bibliocommons.com/search?t=smart&q=harry%20potter%20and
EPLMCN,,8,The couple next door / Shari Lapena,LAPE A SHARI,11/07/2016 12:00:00 AM,http://epl.bibliocommons.com/search?t=smart&q=the%20couple%20next
EPLMCN,,7,The girl with the lower back tattoo / Amy Schumer,SCHUMER AMY,11/07/2016 12:00:00 AM,http://epl.bibliocommons.com/search?t=smart&q=the%20girl%20with
EPLMCN,,5,The best kind of people / Zoe Whittall,WHITTALL ZOE,11/07/2016 12:00:00 AM,http://epl.bibliocommons.com/search?t=smart&q=the%20best%20kind
EPLMCN,,5,All the missing girls : a novel / Megan Miranda,MIRANDA MEGAN,11/07/2016 12:00:00 AM,http://epl.bibliocommons.com/search?t=smart&q=all%20the%20missing
EPLMCN,,8,The nest / Cynthia D'Aprix Sweeney,SWEENEY CYNTHIA DAPRIX,11/07/2016 12:00:00 AM,http://epl.bibliocommons.com/search?t=smart&q=the%20nest%20/
EPLMCN,,5,Behind closed doors / B.A. Paris,PARIS B A,11/07/2016 12:00:00 AM,http://epl.bibliocommons.com/search?t=smart&q=behind%20closed%20doors
EPLMCN,,5,The girl on the train [large print] / Paula Hawkins,HAWKINS PAULA,11/07/2016 12:00:00 AM,http://epl.bibliocommons.com/search?t=smart&q=the%20girl%20on
EPLMCN,,9,The couple next door / Shari Lapena,LAPE A SHARI,11/14/2016 12:00:00 AM,http://epl.bibliocommons.com/search?t=smart&q=the%20couple%20next
EPLMCN,,5,The wonder : a novel / Emma Donoghue,DONOGHUE EMMA,11/14/2016 12:00:00 AM,http://epl.bibliocommons.com/search?t=smart&q=the%20wonder%20%3A
EPLMCN,,5,The girl on the train / Paula Hawkins,HAWKINS PAULA,11/14/2016 12:00:00 AM,http://epl.bibliocommons.com/search?t=smart&q=the%20girl%20on
EPLMCN,,8,The nest / Cynthia D'Aprix Sweeney,SWEENEY CYNTHIA DAPRIX,11/14/2016 12:00:00 AM,http://epl.bibliocommons.com/search?t=smart&q=the%20nest%20/
EPLMCN,,5,"Harry Potter and the cursed child. Parts one and two / based on an original new story by J.K. Rowling, John Tiffany & Jack Thorne ; a new play by Jack Thorne",THORNE JACK,11/14/2016 12:00:00 AM,http://epl.bibliocommons.com/search?t=smart&q=harry%20potter%20and
EPLMCN,,5,Behind closed doors / B.A. Paris,PARIS B A,11/14/2016 12:00:00 AM,http://epl.bibliocommons.com/search?t=smart&q=behind%20closed%20doors
EPLMCN,,5,The best kind of people / Zoe Whittall,WHITTALL ZOE,11/14/2016 12:00:00 AM,http://epl.bibliocommons.com/search?t=smart&q=the%20best%20kind
EPLMCN,,5,The girl on the train [large print] / Paula Hawkins,HAWKINS PAULA,11/14/2016 12:00:00 AM,http://epl.bibliocommons.com/search?t=smart&q=the%20girl%20on
EPLMCN,,6,The girl with the lower back tattoo / Amy Schumer,SCHUMER AMY,11/14/2016 12:00:00 AM,http://epl.bibliocommons.com/search?t=smart&q=the%20girl%20with
EPLMCN,,5,Norse mythology / Neil Gaiman,GAIMAN NEIL,06/19/2017 12:00:00 AM,http://epl.bibliocommons.com/search?t=smart&q=norse%20mythology%20/
EPLMCN,,6,The life-changing magic of not giving a f*ck : how to stop spending time you don't have with people you don't like doing things you don't want to do / Sarah Knight,KNIGHT SARAH FREELANCE EDITOR,11/14/2016 12:00:00 AM,http://epl.bibliocommons.com/search?t=smart&q=the%20life-changing%20magic
EPLMCN,,5,Behind closed doors / B.A. Paris,PARIS B A,11/21/2016 12:00:00 AM,http://epl.bibliocommons.com/search?t=smart&q=behind%20closed%20doors
EPLMCN,,6,The wonder : a novel / Emma Donoghue,DONOGHUE EMMA,11/21/2016 12:00:00 AM,http://epl.bibliocommons.com/search?t=smart&q=the%20wonder%20%3A
EPLMCN,,10,The couple next door / Shari Lapena,LAPE A SHARI,11/21/2016 12:00:00 AM,http://epl.bibliocommons.com/search?t=smart&q=the%20couple%20next
EPLMCN,,5,The best kind of people / Zoe Whittall,WHITTALL ZOE,11/21/2016 12:00:00 AM,http://epl.bibliocommons.com/search?t=smart&q=the%20best%20kind
EPLMCN,,5,The girl on the train [large print] / Paula Hawkins,HAWKINS PAULA,11/21/2016 12:00:00 AM,http://epl.bibliocommons.com/search?t=smart&q=the%20girl%20on
EPLMCN,,7,The nest / Cynthia D'Aprix Sweeney,SWEENEY CYNTHIA DAPRIX,11/21/2016 12:00:00 AM,http://epl.bibliocommons.com/search?t=smart&q=the%20nest%20/
EPLMCN,,5,The life-changing magic of not giving a f*ck : how to stop spending time you don't have with people you don't like doing things you don't want to do / Sarah Knight,KNIGHT SARAH FREELANCE EDITOR,11/21/2016 12:00:00 AM,http://epl.bibliocommons.com/search?t=smart&q=the%20life-changing%20magic
EPLMCN,,5,The girl with the lower back tattoo / Amy Schumer,SCHUMER AMY,11/21/2016 12:00:00 AM,http://epl.bibliocommons.com/search?t=smart&q=the%20girl%20with
EPLMCN,,5,The girl on the train / Paula Hawkins,HAWKINS PAULA,11/21/2016 12:00:00 AM,http://epl.bibliocommons.com/search?t=smart&q=the%20girl%20on
EPLMCN,,7,Cambridge IELTS ... : examination papers from the University of Cambridge Local Examinations Syndicate,UNIVERSITY OF CAMBRIDGE LOCAL EXAMINATIONS SYNDICATE,11/21/2016 12:00:00 AM,http://epl.bibliocommons.com/search?t=smart&q=cambridge%20ielts%20...
EPLMCN,,5,The best kind of people / Zoe Whittall,WHITTALL ZOE,11/28/2016 12:00:00 AM,http://epl.bibliocommons.com/search?t=smart&q=the%20best%20kind
EPLMCN,,5,The girl with the lower back tattoo / Amy Schumer,SCHUMER AMY,11/28/2016 12:00:00 AM,http://epl.bibliocommons.com/search?t=smart&q=the%20girl%20with
EPLMCN,,6,The girl on the train / Paula Hawkins,HAWKINS PAULA,11/28/2016 12:00:00 AM,http://epl.bibliocommons.com/search?t=smart&q=the%20girl%20on
EPLMCN,,6,The nest / Cynthia D'Aprix Sweeney,SWEENEY CYNTHIA DAPRIX,11/28/2016 12:00:00 AM,http://epl.bibliocommons.com/search?t=smart&q=the%20nest%20/
EPLMCN,,4,The girl on the train [large print] / Paula Hawkins,HAWKINS PAULA,11/28/2016 12:00:00 AM,http://epl.bibliocommons.com/search?t=smart&q=the%20girl%20on
EPLMCN,,5,The wonder : a novel / Emma Donoghue,DONOGHUE EMMA,11/28/2016 12:00:00 AM,http://epl.bibliocommons.com/search?t=smart&q=the%20wonder%20%3A
EPLMCN,,9,The couple next door / Shari Lapena,LAPE A SHARI,11/28/2016 12:00:00 AM,http://epl.bibliocommons.com/search?t=smart&q=the%20couple%20next
EPLMCN,,5,The twenty-three / Linwood Barclay,BARCLAY LINWOOD,11/28/2016 12:00:00 AM,http://epl.bibliocommons.com/search?t=smart&q=the%20twenty-three%20/
EPLMCN,,6,Cambridge IELTS ... : examination papers from the University of Cambridge Local Examinations Syndicate,UNIVERSITY OF CAMBRIDGE LOCAL EXAMINATIONS SYNDICATE,11/28/2016 12:00:00 AM,http://epl.bibliocommons.com/search?t=smart&q=cambridge%20ielts%20...
EPLMCN,,5,The whistler / John Grisham,GRISHAM JOHN,11/28/2016 12:00:00 AM,http://epl.bibliocommons.com/search?t=smart&q=the%20whistler%20/
EPLMCN,,7,Woman in Cabin 10  / by Ruth  Ware,WARE RUTH,01/23/2017 12:00:00 AM,http://epl.bibliocommons.com/search?t=smart&q=woman%20in%20cabin
EPLMCN,,5,Born a crime : stories from a South African childhood / Trevor Noah,NOAH TREVOR,01/23/2017 12:00:00 AM,http://epl.bibliocommons.com/search?t=smart&q=born%20a%20crime
EPLMCN,,5,The wonder : a novel / Emma Donoghue,DONOGHUE EMMA,01/23/2017 12:00:00 AM,http://epl.bibliocommons.com/search?t=smart&q=the%20wonder%20%3A
EPLMCN,,10,Cambridge IELTS ... : examination papers from the University of Cambridge Local Examinations Syndicate,UNIVERSITY OF CAMBRIDGE LOCAL EXAMINATIONS SYNDICATE,01/23/2017 12:00:00 AM,http://epl.bibliocommons.com/search?t=smart&q=cambridge%20ielts%20...
EPLMCN,,5,The nest / Cynthia D'Aprix Sweeney,SWEENEY CYNTHIA DAPRIX,01/23/2017 12:00:00 AM,http://epl.bibliocommons.com/search?t=smart&q=the%20nest%20/
EPLMCN,,7,Diary of a wimpy kid. Double down / by Jeff Kinney,KINNEY JEFF,01/23/2017 12:00:00 AM,http://epl.bibliocommons.com/search?t=smart&q=diary%20of%20a
EPLMCN,,6,"Talking as fast as I can : from Gilmore girls to Gilmore girls, and everything in between / Lauren Graham",GRAHAM LAUREN,01/23/2017 12:00:00 AM,http://epl.bibliocommons.com/search?t=smart&q=talking%20as%20fast
EPLMCN,,8,The best kind of people / Zoe Whittall,WHITTALL ZOE,01/23/2017 12:00:00 AM,http://epl.bibliocommons.com/search?t=smart&q=the%20best%20kind
EPLMCN,,5,The girl on the train / Paula Hawkins,HAWKINS PAULA,01/23/2017 12:00:00 AM,http://epl.bibliocommons.com/search?t=smart&q=the%20girl%20on
EPLMCN,,5,The girl with the lower back tattoo / Amy Schumer,SCHUMER AMY,01/23/2017 12:00:00 AM,http://epl.bibliocommons.com/search?t=smart&q=the%20girl%20with
EPLMCN,,4,Confessions of a domestic failure / Bunmi Laditan,LADITAN BUNMI,05/22/2017 12:00:00 AM,http://epl.bibliocommons.com/search?t=smart&q=confessions%20of%20a
EPLMCN,,7,The handmaid's tale / Margaret Atwood,ATWOOD MARGARET,05/22/2017 12:00:00 AM,http://epl.bibliocommons.com/search?t=smart&q=the%20handmaid%27s%20tale
EPLMCN,,4,Norse mythology / Neil Gaiman,GAIMAN NEIL,05/22/2017 12:00:00 AM,http://epl.bibliocommons.com/search?t=smart&q=norse%20mythology%20/
EPLMCN,,8,Into the water / Paula Hawkins,HAWKINS PAULA,05/22/2017 12:00:00 AM,http://epl.bibliocommons.com/search?t=smart&q=into%20the%20water
EPLMCN,,4,Right behind you / Lisa Gardner,GARDNER LISA,05/22/2017 12:00:00 AM,http://epl.bibliocommons.com/search?t=smart&q=right%20behind%20you
EPLMCN,,5,My not so perfect life : a novel / Sophie Kinsella,KINSELLA SOPHIE,05/22/2017 12:00:00 AM,http://epl.bibliocommons.com/search?t=smart&q=my%20not%20so
EPLMCN,,4,"Option B : facing adversity, building resilience, and finding joy / Sheryl Sandberg, Adam Grant",SANDBERG SHERYL,05/22/2017 12:00:00 AM,http://epl.bibliocommons.com/search?t=smart&q=option%20b%20%3A
EPLMCN,,6,Milk and honey / Rupi Kaur,KAUR RUPI,05/22/2017 12:00:00 AM,http://epl.bibliocommons.com/search?t=smart&q=milk%20and%20honey
EPLMCN,,5,The girl before : a novel / JP Delaney,DELANEY J P,05/22/2017 12:00:00 AM,http://epl.bibliocommons.com/search?t=smart&q=the%20girl%20before
EPLMCN,,4,"The lose your belly diet : change your gut, change your life / by Travis Stork, MD",STORK TRAVIS,05/22/2017 12:00:00 AM,http://epl.bibliocommons.com/search?t=smart&q=the%20lose%20your
EPLMCN,,8,Into the water / Paula Hawkins,HAWKINS PAULA,06/05/2017 12:00:00 AM,http://epl.bibliocommons.com/search?t=smart&q=into%20the%20water
EPLMCN,,9,The handmaid's tale / Margaret Atwood,ATWOOD MARGARET,06/05/2017 12:00:00 AM,http://epl.bibliocommons.com/search?t=smart&q=the%20handmaid%27s%20tale
EPLMCN,,5,My not so perfect life : a novel / Sophie Kinsella,KINSELLA SOPHIE,06/05/2017 12:00:00 AM,http://epl.bibliocommons.com/search?t=smart&q=my%20not%20so
EPLMCN,,4,The zookeeper's wife : a war story / Diane Ackerman,ACKERMAN DIANE,06/05/2017 12:00:00 AM,http://epl.bibliocommons.com/search?t=smart&q=the%20zookeeper%27s%20wife
EPLMCN,,4,"The lose your belly diet : change your gut, change your life / by Travis Stork, MD",STORK TRAVIS,06/05/2017 12:00:00 AM,http://epl.bibliocommons.com/search?t=smart&q=the%20lose%20your
EPLMCN,,4,Right behind you / Lisa Gardner,GARDNER LISA,06/05/2017 12:00:00 AM,http://epl.bibliocommons.com/search?t=smart&q=right%20behind%20you
EPLMCN,,4,Confessions of a domestic failure / Bunmi Laditan,LADITAN BUNMI,06/05/2017 12:00:00 AM,http://epl.bibliocommons.com/search?t=smart&q=confessions%20of%20a
EPLMCN,,4,Big little lies / Liane Moriarty,MORIARTY LIANE,06/05/2017 12:00:00 AM,http://epl.bibliocommons.com/search?t=smart&q=big%20little%20lies
EPLMCN,,3,Do not say we have nothing : a novel / Madeleine Thien,THIEN MADELEINE,06/05/2017 12:00:00 AM,http://epl.bibliocommons.com/search?t=smart&q=do%20not%20say
EPLMCN,,4,Norse mythology / Neil Gaiman,GAIMAN NEIL,06/05/2017 12:00:00 AM,http://epl.bibliocommons.com/search?t=smart&q=norse%20mythology%20/
EPLMCN,,4,Come sundown / Nora Roberts,ROBERTS NORA,06/12/2017 12:00:00 AM,http://epl.bibliocommons.com/search?t=smart&q=come%20sundown%20/
EPLMCN,,4,The girl before : a novel / JP Delaney,DELANEY J P,06/12/2017 12:00:00 AM,http://epl.bibliocommons.com/search?t=smart&q=the%20girl%20before
EPLMCN,,4,Do not say we have nothing : a novel / Madeleine Thien,THIEN MADELEINE,06/12/2017 12:00:00 AM,http://epl.bibliocommons.com/search?t=smart&q=do%20not%20say
EPLMCN,,4,Confessions of a domestic failure / Bunmi Laditan,LADITAN BUNMI,06/12/2017 12:00:00 AM,http://epl.bibliocommons.com/search?t=smart&q=confessions%20of%20a
EPLMCN,,9,The handmaid's tale / Margaret Atwood,ATWOOD MARGARET,06/12/2017 12:00:00 AM,http://epl.bibliocommons.com/search?t=smart&q=the%20handmaid%27s%20tale
EPLMCN,,5,My not so perfect life : a novel / Sophie Kinsella,KINSELLA SOPHIE,06/12/2017 12:00:00 AM,http://epl.bibliocommons.com/search?t=smart&q=my%20not%20so
EPLMCN,,10,Into the water / Paula Hawkins,HAWKINS PAULA,06/12/2017 12:00:00 AM,http://epl.bibliocommons.com/search?t=smart&q=into%20the%20water
EPLMCN,,5,Norse mythology / Neil Gaiman,GAIMAN NEIL,06/12/2017 12:00:00 AM,http://epl.bibliocommons.com/search?t=smart&q=norse%20mythology%20/
EPLMCN,,4,The woman in cabin 10 / Ruth Ware,WARE RUTH,06/12/2017 12:00:00 AM,http://epl.bibliocommons.com/search?t=smart&q=the%20woman%20in
EPLMCN,,4,Big little lies / Liane Moriarty,MORIARTY LIANE,06/12/2017 12:00:00 AM,http://epl.bibliocommons.com/search?t=smart&q=big%20little%20lies
EPLMCN,,4,The zookeeper's wife : a war story / Diane Ackerman,ACKERMAN DIANE,06/19/2017 12:00:00 AM,http://epl.bibliocommons.com/search?t=smart&q=the%20zookeeper%27s%20wife
EPLMCN,,4,Right behind you / Lisa Gardner,GARDNER LISA,06/19/2017 12:00:00 AM,http://epl.bibliocommons.com/search?t=smart&q=right%20behind%20you
EPLMCN,,4,The adventures of Captain Underpants : the first epic novel / by Dav Pilkey ; with color by Jose Garibaldi,PILKEY DAV,06/19/2017 12:00:00 AM,http://epl.bibliocommons.com/search?t=smart&q=the%20adventures%20of
EPLMCN,,5,The woman in cabin 10 / Ruth Ware,WARE RUTH,06/19/2017 12:00:00 AM,http://epl.bibliocommons.com/search?t=smart&q=the%20woman%20in
EPLMCN,,9,The handmaid's tale / Margaret Atwood,ATWOOD MARGARET,06/19/2017 12:00:00 AM,http://epl.bibliocommons.com/search?t=smart&q=the%20handmaid%27s%20tale
EPLMCN,,4,Confessions of a domestic failure / Bunmi Laditan,LADITAN BUNMI,06/19/2017 12:00:00 AM,http://epl.bibliocommons.com/search?t=smart&q=confessions%20of%20a
EPLMCN,,5,My not so perfect life : a novel / Sophie Kinsella,KINSELLA SOPHIE,06/19/2017 12:00:00 AM,http://epl.bibliocommons.com/search?t=smart&q=my%20not%20so
EPLMCN,,4,Come sundown / Nora Roberts,ROBERTS NORA,06/19/2017 12:00:00 AM,http://epl.bibliocommons.com/search?t=smart&q=come%20sundown%20/
EPLMCN,,9,Into the water / Paula Hawkins,HAWKINS PAULA,06/19/2017 12:00:00 AM,http://epl.bibliocommons.com/search?t=smart&q=into%20the%20water
EPLMCN,McConachie Branch,4,The couple next door / Shari Lapena,LAPE A SHARI,07/03/2017 12:00:00 AM,http://epl.bibliocommons.com/search?t=smart&q=the%20couple%20next
EPLMCN,McConachie Branch,5,Come sundown / Nora Roberts,ROBERTS NORA,07/03/2017 12:00:00 AM,http://epl.bibliocommons.com/search?t=smart&q=come%20sundown%20/
EPLMCN,McConachie Branch,4,The woman in cabin 10 / Ruth Ware,WARE RUTH,07/03/2017 12:00:00 AM,http://epl.bibliocommons.com/search?t=smart&q=the%20woman%20in
EPLMCN,McConachie Branch,5,Rich people problems : a novel / Kevin Kwan,KWAN KEVIN,07/03/2017 12:00:00 AM,http://epl.bibliocommons.com/search?t=smart&q=rich%20people%20problems
EPLMCN,McConachie Branch,8,The handmaid's tale / Margaret Atwood,ATWOOD MARGARET,07/03/2017 12:00:00 AM,http://epl.bibliocommons.com/search?t=smart&q=the%20handmaid%27s%20tale
EPLMCN,McConachie Branch,5,My not so perfect life : a novel / Sophie Kinsella,KINSELLA SOPHIE,07/03/2017 12:00:00 AM,http://epl.bibliocommons.com/search?t=smart&q=my%20not%20so
EPLMCN,McConachie Branch,3,When you find out the world is against you : and other funny memories about awful moments / Kelly Oxford,OXFORD KELLY,07/03/2017 12:00:00 AM,http://epl.bibliocommons.com/search?t=smart&q=when%20you%20find
EPLMCN,McConachie Branch,3,The stranger in the woods : the extraordinary story of the last true hermit / Michael Finkel,FINKEL MICHAEL,07/03/2017 12:00:00 AM,http://epl.bibliocommons.com/search?t=smart&q=the%20stranger%20in
EPLMCN,McConachie Branch,3,Do not say we have nothing : a novel / Madeleine Thien,THIEN MADELEINE,07/03/2017 12:00:00 AM,http://epl.bibliocommons.com/search?t=smart&q=do%20not%20say
EPLMCN,McConachie Branch,7,Into the water / Paula Hawkins,HAWKINS PAULA,07/03/2017 12:00:00 AM,http://epl.bibliocommons.com/search?t=smart&q=into%20the%20water
EPLMCN,McConachie Branch,5,The girl before : a novel / JP Delaney,DELANEY J P,05/29/2017 12:00:00 AM,http://epl.bibliocommons.com/search?t=smart&q=the%20girl%20before
EPLMCN,McConachie Branch,4,Right behind you / Lisa Gardner,GARDNER LISA,05/29/2017 12:00:00 AM,http://epl.bibliocommons.com/search?t=smart&q=right%20behind%20you
EPLMCN,McConachie Branch,4,My not so perfect life : a novel / Sophie Kinsella,KINSELLA SOPHIE,05/29/2017 12:00:00 AM,http://epl.bibliocommons.com/search?t=smart&q=my%20not%20so
EPLMCN,McConachie Branch,5,Milk and honey / Rupi Kaur,KAUR RUPI,05/29/2017 12:00:00 AM,http://epl.bibliocommons.com/search?t=smart&q=milk%20and%20honey
EPLMCN,McConachie Branch,9,The handmaid's tale / Margaret Atwood,ATWOOD MARGARET,05/29/2017 12:00:00 AM,http://epl.bibliocommons.com/search?t=smart&q=the%20handmaid%27s%20tale
EPLMCN,McConachie Branch,4,Big little lies / Liane Moriarty,MORIARTY LIANE,05/29/2017 12:00:00 AM,http://epl.bibliocommons.com/search?t=smart&q=big%20little%20lies
EPLMCN,McConachie Branch,4,Confessions of a domestic failure / Bunmi Laditan,LADITAN BUNMI,05/29/2017 12:00:00 AM,http://epl.bibliocommons.com/search?t=smart&q=confessions%20of%20a
EPLMCN,McConachie Branch,4,"The lose your belly diet : change your gut, change your life / by Travis Stork, MD",STORK TRAVIS,05/29/2017 12:00:00 AM,http://epl.bibliocommons.com/search?t=smart&q=the%20lose%20your
EPLMCN,McConachie Branch,4,Norse mythology / Neil Gaiman,GAIMAN NEIL,05/29/2017 12:00:00 AM,http://epl.bibliocommons.com/search?t=smart&q=norse%20mythology%20/
EPLMCN,McConachie Branch,8,Into the water / Paula Hawkins,HAWKINS PAULA,05/29/2017 12:00:00 AM,http://epl.bibliocommons.com/search?t=smart&q=into%20the%20water
EPLMCN,McConachie Branch,4,The couple next door / Shari Lapena,LAPE A SHARI,06/26/2017 12:00:00 AM,http://epl.bibliocommons.com/search?t=smart&q=the%20couple%20next
EPLMCN,McConachie Branch,4,Norse mythology / Neil Gaiman,GAIMAN NEIL,06/26/2017 12:00:00 AM,http://epl.bibliocommons.com/search?t=smart&q=norse%20mythology%20/
EPLMCN,McConachie Branch,4,The adventures of Captain Underpants : the first epic novel / by Dav Pilkey ; with color by Jose Garibaldi,PILKEY DAV,06/26/2017 12:00:00 AM,http://epl.bibliocommons.com/search?t=smart&q=the%20adventures%20of
EPLMCN,McConachie Branch,4,Rich people problems : a novel / Kevin Kwan,KWAN KEVIN,06/26/2017 12:00:00 AM,http://epl.bibliocommons.com/search?t=smart&q=rich%20people%20problems
EPLMCN,McConachie Branch,5,My not so perfect life : a novel / Sophie Kinsella,KINSELLA SOPHIE,06/26/2017 12:00:00 AM,http://epl.bibliocommons.com/search?t=smart&q=my%20not%20so
EPLMCN,McConachie Branch,9,The handmaid's tale / Margaret Atwood,ATWOOD MARGARET,06/26/2017 12:00:00 AM,http://epl.bibliocommons.com/search?t=smart&q=the%20handmaid%27s%20tale
EPLMCN,McConachie Branch,5,The woman in cabin 10 / Ruth Ware,WARE RUTH,06/26/2017 12:00:00 AM,http://epl.bibliocommons.com/search?t=smart&q=the%20woman%20in
EPLMCN,McConachie Branch,8,Into the water / Paula Hawkins,HAWKINS PAULA,06/26/2017 12:00:00 AM,http://epl.bibliocommons.com/search?t=smart&q=into%20the%20water
EPLMCN,McConachie Branch,5,Come sundown / Nora Roberts,ROBERTS NORA,06/26/2017 12:00:00 AM,http://epl.bibliocommons.com/search?t=smart&q=come%20sundown%20/
EPLMCN,McConachie Branch,4,Right behind you / Lisa Gardner,GARDNER LISA,06/26/2017 12:00:00 AM,http://epl.bibliocommons.com/search?t=smart&q=right%20behind%20you
